Customer id,Acquisition Date,Acquisition Channel,Acquisition Device,,,,,,,,,,,,,,,,,,
205002,9/2/02,,Desktop,,,,,,,,,,,,,,,,,,
215772,6/1/16,,Desktop,,,,,,,,,,,,,,,,,,
929953,5/31/16,,,,,,,,,,,,,,,,,,,,
554107,5/27/16,Search - Organic,,,,,,,,,,,,,,,,,,,
706914,5/21/16,Search - Organic,,,,,,,,,,,,,,,,,,,
719940,5/20/16,Display - Acquisition,Desktop,,,,,,,,,,,,,,,,,,
92687,5/16/16,Search - Paid,Phone,,,,,,,,,,,,,,,,,,
24317,5/15/16,Other,,,,,,,,,,,,,,,,,,,
243450,5/11/16,,,,,,,,,,,,,,,,,,,,
347639,5/8/16,Display - Acquisition,Desktop,,,,,,,,,,,,,,,,,,
948163,5/7/16,Search - Paid,,,,,,,,,,,,,,,,,,,
154509,5/4/16,,Desktop,,,,,,,,,,,,,,,,,,
521789,5/1/16,Comparison Shopping,,,,,,,,,,,,,,,,,,,
1113423,4/29/16,Search - Paid,,,,,,,,,,,,,,,,,,,
717780,4/25/16,,Desktop,,,,,,,,,,,,,,,,,,
331566,4/21/16,,Desktop,,,,,,,,,,,,,,,,,,
605959,4/19/16,,Phone,,,,,,,,,,,,,,,,,,
1050290,4/14/16,Comparison Shopping,,,,,,,,,,,,,,,,,,,
92545,4/14/16,Search - Organic,Phone,,,,,,,,,,,,,,,,,,
1116244,4/12/16,Search - Organic,,,,,,,,,,,,,,,,,,,
877544,4/5/16,,,,,,,,,,,,,,,,,,,,
601153,4/1/16,,Phone,,,,,,,,,,,,,,,,,,
199348,3/31/16,Search - Paid,Desktop,,,,,,,,,,,,,,,,,,
1060007,3/29/16,,,,,,,,,,,,,,,,,,,,
924247,3/25/16,Search - Paid,,,,,,,,,,,,,,,,,,,
569041,3/25/16,Search - Organic,,,,,,,,,,,,,,,,,,,
719595,3/19/16,,Desktop,,,,,,,,,,,,,,,,,,
181666,3/19/16,,Desktop,,,,,,,,,,,,,,,,,,
434904,3/18/16,Other,,,,,,,,,,,,,,,,,,,
949294,3/17/16,,,,,,,,,,,,,,,,,,,,
692236,3/17/16,,,,,,,,,,,,,,,,,,,,
956648,3/11/16,,,,,,,,,,,,,,,,,,,,
262657,3/11/16,Comparison Shopping,,,,,,,,,,,,,,,,,,,
380379,2/28/16,Display - Acquisition,,,,,,,,,,,,,,,,,,,
135912,2/6/16,,Desktop,,,,,,,,,,,,,,,,,,
319038,2/4/16,Search - Organic,Desktop,,,,,,,,,,,,,,,,,,
147954,2/4/16,Other,Desktop,,,,,,,,,,,,,,,,,,
939407,2/2/16,Search - Paid,,,,,,,,,,,,,,,,,,,
245175,2/2/16,,,,,,,,,,,,,,,,,,,,
7309,1/31/16,,Desktop,,,,,,,,,,,,,,,,,,
721682,1/27/16,,Desktop,,,,,,,,,,,,,,,,,,
383902,1/25/16,,,,,,,,,,,,,,,,,,,,
313346,1/23/16,Social - Paid,Desktop,,,,,,,,,,,,,,,,,,
1190765,1/18/16,Search - Paid,,,,,,,,,,,,,,,,,,,
1048073,12/24/15,Search - Organic,,,,,,,,,,,,,,,,,,,
944932,12/24/15,Search - Paid,,,,,,,,,,,,,,,,,,,
1069447,12/23/15,Search - Paid,,,,,,,,,,,,,,,,,,,
197121,12/19/15,,Desktop,,,,,,,,,,,,,,,,,,
1178680,12/17/15,,,,,,,,,,,,,,,,,,,,
1070029,12/16/15,Search - Organic,,,,,,,,,,,,,,,,,,,
34332,12/15/15,Search - Paid,Desktop,,,,,,,,,,,,,,,,,,
411524,12/14/15,Search - Paid,Desktop,,,,,,,,,,,,,,,,,,
123476,12/13/15,,,,,,,,,,,,,,,,,,,,
1187164,12/11/15,Search - Organic,,,,,,,,,,,,,,,,,,,
101562,12/2/15,Search - Paid,Desktop,,,,,,,,,,,,,,,,,,
1205310,11/28/15,,,,,,,,,,,,,,,,,,,,
676131,11/27/15,,Phone,,,,,,,,,,,,,,,,,,
451308,11/27/15,,,,,,,,,,,,,,,,,,,,
920420,11/26/15,Comparison Shopping,,,,,,,,,,,,,,,,,,,
68814,11/24/15,,,,,,,,,,,,,,,,,,,,
955384,11/21/15,,,,,,,,,,,,,,,,,,,,
1022625,11/17/15,Search - Paid,,,,,,,,,,,,,,,,,,,
69679,11/15/15,,Phone,,,,,,,,,,,,,,,,,,
658606,10/29/15,Comparison Shopping,Phone,,,,,,,,,,,,,,,,,,
845652,10/26/15,Search - Paid,,,,,,,,,,,,,,,,,,,
450580,10/17/15,Search - Organic,,,,,,,,,,,,,,,,,,,
155631,10/16/15,,Desktop,,,,,,,,,,,,,,,,,,
581872,10/13/15,,,,,,,,,,,,,,,,,,,,
30611,10/12/15,Search - Paid,Desktop,,,,,,,,,,,,,,,,,,
330789,10/11/15,Display - Acquisition,,,,,,,,,,,,,,,,,,,
614799,10/10/15,,Phone,,,,,,,,,,,,,,,,,,
165473,10/3/15,Search - Paid,,,,,,,,,,,,,,,,,,,
1113362,9/30/15,Search - Paid,,,,,,,,,,,,,,,,,,,
255995,9/24/15,Search - Paid,,,,,,,,,,,,,,,,,,,
497982,9/23/15,Search - Paid,,,,,,,,,,,,,,,,,,,
282611,9/19/15,,Desktop,,,,,,,,,,,,,,,,,,
1155291,9/15/15,Search - Organic,,,,,,,,,,,,,,,,,,,
348221,9/15/15,,Desktop,,,,,,,,,,,,,,,,,,
768797,9/6/15,Search - Paid,Desktop,,,,,,,,,,,,,,,,,,
100237,9/4/15,Search - Organic,Desktop,,,,,,,,,,,,,,,,,,
434084,8/30/15,,,,,,,,,,,,,,,,,,,,
985470,8/29/15,Search - Organic,,,,,,,,,,,,,,,,,,,
703060,8/21/15,Search - Paid,,,,,,,,,,,,,,,,,,,
294042,8/14/15,Search - Paid,Desktop,,,,,,,,,,,,,,,,,,
296770,8/9/15,Search - Paid,Desktop,,,,,,,,,,,,,,,,,,
584054,8/6/15,Display - Acquisition,,,,,,,,,,,,,,,,,,,
763823,7/26/15,Comparison Shopping,Desktop,,,,,,,,,,,,,,,,,,
915266,7/16/15,,,,,,,,,,,,,,,,,,,,
388863,7/16/15,Search - Organic,,,,,,,,,,,,,,,,,,,
75984,7/10/15,Search - Paid,Phone,,,,,,,,,,,,,,,,,,
172624,7/7/15,,Desktop,,,,,,,,,,,,,,,,,,
240547,6/29/15,Search - Organic,,,,,,,,,,,,,,,,,,,
791623,6/28/15,Search - Paid,Desktop,,,,,,,,,,,,,,,,,,
600463,6/21/15,Search - Paid,Phone,,,,,,,,,,,,,,,,,,
422484,6/21/15,,,,,,,,,,,,,,,,,,,,
315341,6/20/15,Search - Paid,Desktop,,,,,,,,,,,,,,,,,,
402073,6/19/15,Search - Organic,Desktop,,,,,,,,,,,,,,,,,,
293750,6/17/15,Other,Desktop,,,,,,,,,,,,,,,,,,
239147,6/17/15,Comparison Shopping,,,,,,,,,,,,,,,,,,,
114633,6/11/15,Other,,,,,,,,,,,,,,,,,,,
977733,6/6/15,Search - Paid,,,,,,,,,,,,,,,,,,,
7411,5/28/15,Search - Paid,Desktop,,,,,,,,,,,,,,,,,,
57057,5/27/15,Other,Desktop,,,,,,,,,,,,,,,,,,
228391,5/26/15,Social - Paid,Desktop,,,,,,,,,,,,,,,,,,
960413,5/21/15,Display - Acquisition,Phone,,,,,,,,,,,,,,,,,,
148109,5/21/15,Search - Organic,,,,,,,,,,,,,,,,,,,
1018956,5/20/15,,,,,,,,,,,,,,,,,,,,
514594,5/16/15,,,,,,,,,,,,,,,,,,,,
1024824,5/15/15,Search - Paid,,,,,,,,,,,,,,,,,,,
115997,5/14/15,Search - Paid,,,,,,,,,,,,,,,,,,,
624128,5/10/15,Search - Paid,Phone,,,,,,,,,,,,,,,,,,
1151501,5/7/15,,,,,,,,,,,,,,,,,,,,
363297,5/4/15,Search - Organic,,,,,,,,,,,,,,,,,,,
792984,4/30/15,Search - Paid,Desktop,,,,,,,,,,,,,,,,,,
219822,4/28/15,Comparison Shopping,Desktop,,,,,,,,,,,,,,,,,,
1026354,4/25/15,Comparison Shopping,,,,,,,,,,,,,,,,,,,
325352,4/25/15,,Desktop,,,,,,,,,,,,,,,,,,
862868,4/24/15,Search - Organic,,,,,,,,,,,,,,,,,,,
605912,4/12/15,,Phone,,,,,,,,,,,,,,,,,,
20875,4/12/15,,,,,,,,,,,,,,,,,,,,
124133,4/5/15,Search - Organic,,,,,,,,,,,,,,,,,,,
181987,4/4/15,,Desktop,,,,,,,,,,,,,,,,,,
27850,3/28/15,Search - Paid,,,,,,,,,,,,,,,,,,,
547415,3/27/15,Search - Paid,,,,,,,,,,,,,,,,,,,
1164072,3/24/15,Search - Paid,,,,,,,,,,,,,,,,,,,
44190,3/18/15,Other,,,,,,,,,,,,,,,,,,,
193909,3/15/15,Search - Organic,Desktop,,,,,,,,,,,,,,,,,,
1187696,3/14/15,Search - Organic,,,,,,,,,,,,,,,,,,,
596854,3/14/15,Search - Paid,Phone,,,,,,,,,,,,,,,,,,
1013404,3/10/15,,,,,,,,,,,,,,,,,,,,
897513,3/10/15,Display - Acquisition,,,,,,,,,,,,,,,,,,,
891682,3/9/15,,Phone,,,,,,,,,,,,,,,,,,
57354,3/6/15,Search - Paid,Desktop,,,,,,,,,,,,,,,,,,
396279,3/1/15,Search - Organic,Desktop,,,,,,,,,,,,,,,,,,
149165,2/28/15,Search - Paid,Desktop,,,,,,,,,,,,,,,,,,
192191,2/20/15,,Desktop,,,,,,,,,,,,,,,,,,
25187,2/4/15,,,,,,,,,,,,,,,,,,,,
454499,2/1/15,Search - Paid,,,,,,,,,,,,,,,,,,,
148110,2/1/15,,,,,,,,,,,,,,,,,,,,
977763,1/26/15,Social - Paid,Desktop,,,,,,,,,,,,,,,,,,
252926,1/19/15,Search - Organic,,,,,,,,,,,,,,,,,,,
771336,1/6/15,Comparison Shopping,Desktop,,,,,,,,,,,,,,,,,,
284617,1/5/15,Search - Organic,Desktop,,,,,,,,,,,,,,,,,,
672263,1/2/15,Comparison Shopping,Phone,,,,,,,,,,,,,,,,,,
224584,12/30/14,,,,,,,,,,,,,,,,,,,,
925144,12/29/14,Search - Paid,,,,,,,,,,,,,,,,,,,
973866,12/12/14,Other,,,,,,,,,,,,,,,,,,,
737560,12/9/14,Search - Paid,Desktop,,,,,,,,,,,,,,,,,,
616045,12/6/14,Search - Paid,Phone,,,,,,,,,,,,,,,,,,
260411,11/28/14,Search - Organic,,,,,,,,,,,,,,,,,,,
578148,11/25/14,Display - Acquisition,Phone,,,,,,,,,,,,,,,,,,
829353,11/16/14,Comparison Shopping,Desktop,,,,,,,,,,,,,,,,,,
303882,11/1/14,,Desktop,,,,,,,,,,,,,,,,,,
573956,10/31/14,,,,,,,,,,,,,,,,,,,,
559010,10/31/14,Comparison Shopping,,,,,,,,,,,,,,,,,,,
268454,10/31/14,,Desktop,,,,,,,,,,,,,,,,,,
705123,10/26/14,Comparison Shopping,,,,,,,,,,,,,,,,,,,
237392,10/25/14,Search - Paid,,,,,,,,,,,,,,,,,,,
437722,10/21/14,Search - Paid,,,,,,,,,,,,,,,,,,,
582722,10/19/14,Search - Paid,,,,,,,,,,,,,,,,,,,
569661,10/18/14,Comparison Shopping,,,,,,,,,,,,,,,,,,,
244548,10/18/14,,,,,,,,,,,,,,,,,,,,
556899,10/14/14,,,,,,,,,,,,,,,,,,,,
729023,10/13/14,Search - Organic,Desktop,,,,,,,,,,,,,,,,,,
401599,10/8/14,,Desktop,,,,,,,,,,,,,,,,,,
140939,10/4/14,Search - Paid,Desktop,,,,,,,,,,,,,,,,,,
750693,9/24/14,Search - Paid,Desktop,,,,,,,,,,,,,,,,,,
1212047,9/21/14,Social - Paid,,,,,,,,,,,,,,,,,,,
492069,9/21/14,Search - Organic,,,,,,,,,,,,,,,,,,,
835830,9/9/14,Comparison Shopping,,,,,,,,,,,,,,,,,,,
444902,9/7/14,Search - Paid,,,,,,,,,,,,,,,,,,,
1089444,9/2/14,,,,,,,,,,,,,,,,,,,,
58200,8/21/14,Search - Paid,Desktop,,,,,,,,,,,,,,,,,,
17047,8/19/14,Display - Acquisition,,,,,,,,,,,,,,,,,,,
594125,8/18/14,Search - Organic,Phone,,,,,,,,,,,,,,,,,,
358485,8/16/14,,,,,,,,,,,,,,,,,,,,
864125,8/12/14,,,,,,,,,,,,,,,,,,,,
257037,8/11/14,Search - Paid,,,,,,,,,,,,,,,,,,,
546941,8/6/14,Search - Paid,,,,,,,,,,,,,,,,,,,
708533,7/24/14,Comparison Shopping,,,,,,,,,,,,,,,,,,,
558373,7/19/14,,,,,,,,,,,,,,,,,,,,
37773,7/17/14,Search - Paid,Desktop,,,,,,,,,,,,,,,,,,
501239,7/14/14,Search - Paid,,,,,,,,,,,,,,,,,,,
668650,7/13/14,Comparison Shopping,Phone,,,,,,,,,,,,,,,,,,
21521,7/11/14,,,,,,,,,,,,,,,,,,,,
156359,7/7/14,Search - Organic,Desktop,,,,,,,,,,,,,,,,,,
30004,7/6/14,,Desktop,,,,,,,,,,,,,,,,,,
33060,7/4/14,Search - Paid,Desktop,,,,,,,,,,,,,,,,,,
320903,7/2/14,Search - Paid,Desktop,,,,,,,,,,,,,,,,,,
887451,6/28/14,Search - Paid,,,,,,,,,,,,,,,,,,,
542192,6/28/14,,Phone,,,,,,,,,,,,,,,,,,
925598,6/25/14,,,,,,,,,,,,,,,,,,,,
190354,6/23/14,Search - Organic,Desktop,,,,,,,,,,,,,,,,,,
1028070,6/22/14,Search - Organic,,,,,,,,,,,,,,,,,,,
72484,6/21/14,Search - Paid,Phone,,,,,,,,,,,,,,,,,,
576527,6/19/14,,Phone,,,,,,,,,,,,,,,,,,
524447,6/13/14,Search - Paid,,,,,,,,,,,,,,,,,,,
30326,6/4/14,Search - Paid,Desktop,,,,,,,,,,,,,,,,,,
883961,6/1/14,Search - Paid,,,,,,,,,,,,,,,,,,,
659111,5/30/14,,Phone,,,,,,,,,,,,,,,,,,
16081,5/30/14,Search - Paid,Desktop,,,,,,,,,,,,,,,,,,
1147319,5/26/14,Search - Paid,,,,,,,,,,,,,,,,,,,
1089079,5/24/14,,,,,,,,,,,,,,,,,,,,
88047,5/23/14,,Phone,,,,,,,,,,,,,,,,,,
49537,5/22/14,,,,,,,,,,,,,,,,,,,,
1029961,5/19/14,Display - Acquisition,,,,,,,,,,,,,,,,,,,
256673,5/12/14,Search - Organic,,,,,,,,,,,,,,,,,,,
650977,5/11/14,Search - Paid,Phone,,,,,,,,,,,,,,,,,,
169736,5/10/14,Search - Paid,Desktop,,,,,,,,,,,,,,,,,,
90873,5/4/14,Search - Paid,Phone,,,,,,,,,,,,,,,,,,
926308,5/2/14,,,,,,,,,,,,,,,,,,,,
326545,5/2/14,Display - Acquisition,Desktop,,,,,,,,,,,,,,,,,,
154171,4/20/14,Display - Acquisition,Desktop,,,,,,,,,,,,,,,,,,
76070,4/14/14,Other,Phone,,,,,,,,,,,,,,,,,,
759463,4/12/14,Comparison Shopping,Desktop,,,,,,,,,,,,,,,,,,
134296,4/12/14,,,,,,,,,,,,,,,,,,,,
1051252,4/11/14,,,,,,,,,,,,,,,,,,,,
1178770,4/10/14,Search - Organic,,,,,,,,,,,,,,,,,,,
601283,3/20/14,Search - Organic,Tablet,,,,,,,,,,,,,,,,,,
105309,3/20/14,,,,,,,,,,,,,,,,,,,,
174583,3/18/14,,Desktop,,,,,,,,,,,,,,,,,,
387611,3/14/14,Search - Paid,,,,,,,,,,,,,,,,,,,
710445,3/12/14,Search - Organic,,,,,,,,,,,,,,,,,,,
462668,3/6/14,Search - Paid,,,,,,,,,,,,,,,,,,,
975217,3/5/14,Search - Paid,,,,,,,,,,,,,,,,,,,
1129016,2/28/14,,,,,,,,,,,,,,,,,,,,
1072402,2/27/14,Search - Paid,,,,,,,,,,,,,,,,,,,
1032847,2/26/14,,,,,,,,,,,,,,,,,,,,
382533,2/16/14,,Desktop,,,,,,,,,,,,,,,,,,
771539,2/4/14,Search - Organic,Desktop,,,,,,,,,,,,,,,,,,
770103,2/2/14,Comparison Shopping,Desktop,,,,,,,,,,,,,,,,,,
9110,2/1/14,Other,,,,,,,,,,,,,,,,,,,
638881,1/26/14,,Phone,,,,,,,,,,,,,,,,,,
69663,1/17/14,,Phone,,,,,,,,,,,,,,,,,,
18261,1/13/14,,Desktop,,,,,,,,,,,,,,,,,,
19939,1/12/14,Search - Paid,,,,,,,,,,,,,,,,,,,
929585,1/9/14,,,,,,,,,,,,,,,,,,,,
45753,1/8/14,Social - Paid,,,,,,,,,,,,,,,,,,,
462121,1/6/14,,,,,,,,,,,,,,,,,,,,
494797,1/4/14,,,,,,,,,,,,,,,,,,,,
7702,12/27/13,Search - Paid,Desktop,,,,,,,,,,,,,,,,,,
151094,12/22/13,Other,Desktop,,,,,,,,,,,,,,,,,,
443929,12/21/13,,,,,,,,,,,,,,,,,,,,
15974,12/21/13,,Desktop,,,,,,,,,,,,,,,,,,
293218,12/19/13,Search - Organic,Desktop,,,,,,,,,,,,,,,,,,
190960,12/17/13,Display - Acquisition,,,,,,,,,,,,,,,,,,,
437524,12/11/13,,,,,,,,,,,,,,,,,,,,
441382,12/7/13,,,,,,,,,,,,,,,,,,,,
305838,12/7/13,Search - Paid,Desktop,,,,,,,,,,,,,,,,,,
119974,12/1/13,,,,,,,,,,,,,,,,,,,,
271150,11/28/13,Search - Organic,Desktop,,,,,,,,,,,,,,,,,,
784089,11/26/13,,Desktop,,,,,,,,,,,,,,,,,,
913409,11/13/13,,,,,,,,,,,,,,,,,,,,
574804,11/8/13,,,,,,,,,,,,,,,,,,,,
957267,11/7/13,Search - Paid,,,,,,,,,,,,,,,,,,,
182445,11/7/13,Search - Paid,Desktop,,,,,,,,,,,,,,,,,,
913909,11/5/13,,,,,,,,,,,,,,,,,,,,
609436,10/31/13,Search - Organic,Phone,,,,,,,,,,,,,,,,,,
491024,10/14/13,Search - Paid,,,,,,,,,,,,,,,,,,,
681306,10/12/13,,,,,,,,,,,,,,,,,,,,
1135805,10/9/13,,,,,,,,,,,,,,,,,,,,
121021,10/7/13,Social - Paid,Desktop,,,,,,,,,,,,,,,,,,
118302,10/5/13,Social - Paid,Phone,,,,,,,,,,,,,,,,,,
295398,10/1/13,Search - Paid,Desktop,,,,,,,,,,,,,,,,,,
600576,9/30/13,Search - Organic,Phone,,,,,,,,,,,,,,,,,,
1142671,9/26/13,,,,,,,,,,,,,,,,,,,,
453995,8/29/13,Search - Organic,,,,,,,,,,,,,,,,,,,
133786,8/28/13,,,,,,,,,,,,,,,,,,,,
66882,8/26/13,Search - Paid,Desktop,,,,,,,,,,,,,,,,,,
448541,8/21/13,Search - Paid,,,,,,,,,,,,,,,,,,,
1154659,8/20/13,Search - Paid,,,,,,,,,,,,,,,,,,,
370285,8/17/13,Social - Paid,Tablet,,,,,,,,,,,,,,,,,,
17981,8/16/13,Search - Paid,Desktop,,,,,,,,,,,,,,,,,,
794666,8/14/13,Search - Paid,Desktop,,,,,,,,,,,,,,,,,,
681104,8/10/13,Display - Acquisition,Desktop,,,,,,,,,,,,,,,,,,
27902,8/3/13,Search - Paid,Desktop,,,,,,,,,,,,,,,,,,
698979,8/2/13,,,,,,,,,,,,,,,,,,,,
898554,8/1/13,Search - Organic,,,,,,,,,,,,,,,,,,,
26323,7/30/13,Search - Paid,,,,,,,,,,,,,,,,,,,
483072,7/26/13,,,,,,,,,,,,,,,,,,,,
301134,7/26/13,,,,,,,,,,,,,,,,,,,,
761546,7/25/13,Search - Paid,Tablet,,,,,,,,,,,,,,,,,,
498394,7/22/13,,,,,,,,,,,,,,,,,,,,
1066447,7/19/13,,,,,,,,,,,,,,,,,,,,
958400,7/13/13,Search - Paid,,,,,,,,,,,,,,,,,,,
29311,7/12/13,Search - Paid,Desktop,,,,,,,,,,,,,,,,,,
19369,7/1/13,Search - Paid,Desktop,,,,,,,,,,,,,,,,,,
63602,6/24/13,Search - Paid,,,,,,,,,,,,,,,,,,,
28636,6/23/13,,Desktop,,,,,,,,,,,,,,,,,,
188731,6/19/13,Search - Paid,Desktop,,,,,,,,,,,,,,,,,,
1046179,6/13/13,Search - Paid,,,,,,,,,,,,,,,,,,,
393544,6/13/13,Comparison Shopping,Desktop,,,,,,,,,,,,,,,,,,
243833,6/6/13,Search - Paid,,,,,,,,,,,,,,,,,,,
7673,6/2/13,Search - Paid,Desktop,,,,,,,,,,,,,,,,,,
256803,6/1/13,Comparison Shopping,,,,,,,,,,,,,,,,,,,
382152,5/29/13,Search - Organic,,,,,,,,,,,,,,,,,,,
265105,5/28/13,,Desktop,,,,,,,,,,,,,,,,,,
138779,5/23/13,Search - Paid,Desktop,,,,,,,,,,,,,,,,,,
48685,5/21/13,,,,,,,,,,,,,,,,,,,,
77300,5/15/13,,,,,,,,,,,,,,,,,,,,
876251,5/14/13,Display - Acquisition,Phone,,,,,,,,,,,,,,,,,,
645036,5/12/13,Search - Paid,Phone,,,,,,,,,,,,,,,,,,
693138,5/9/13,Search - Paid,,,,,,,,,,,,,,,,,,,
1036051,5/2/13,Comparison Shopping,,,,,,,,,,,,,,,,,,,
947223,5/2/13,,,,,,,,,,,,,,,,,,,,
183795,5/2/13,,Desktop,,,,,,,,,,,,,,,,,,
33058,4/29/13,Search - Paid,,,,,,,,,,,,,,,,,,,
429460,4/21/13,Social - Paid,Tablet,,,,,,,,,,,,,,,,,,
50408,4/19/13,Search - Paid,,,,,,,,,,,,,,,,,,,
290309,4/16/13,Search - Organic,,,,,,,,,,,,,,,,,,,
1056024,4/15/13,,,,,,,,,,,,,,,,,,,,
78068,4/14/13,Other,,,,,,,,,,,,,,,,,,,
320890,3/24/13,,Desktop,,,,,,,,,,,,,,,,,,
74044,3/17/13,Search - Paid,Phone,,,,,,,,,,,,,,,,,,
64945,3/12/13,Search - Paid,,,,,,,,,,,,,,,,,,,
121552,3/6/13,Other,,,,,,,,,,,,,,,,,,,
715040,3/4/13,Comparison Shopping,,,,,,,,,,,,,,,,,,,
139119,3/2/13,Search - Organic,Desktop,,,,,,,,,,,,,,,,,,
325378,2/28/13,Search - Paid,Desktop,,,,,,,,,,,,,,,,,,
320076,2/28/13,Search - Organic,Desktop,,,,,,,,,,,,,,,,,,
105918,2/28/13,Search - Organic,,,,,,,,,,,,,,,,,,,
209112,2/26/13,Search - Paid,Desktop,,,,,,,,,,,,,,,,,,
66470,2/22/13,,,,,,,,,,,,,,,,,,,,
337294,2/20/13,Comparison Shopping,Desktop,,,,,,,,,,,,,,,,,,
434343,2/16/13,Search - Paid,,,,,,,,,,,,,,,,,,,
527877,2/14/13,Other,Phone,,,,,,,,,,,,,,,,,,
209116,2/13/13,Search - Organic,,,,,,,,,,,,,,,,,,,
237877,2/9/13,Comparison Shopping,,,,,,,,,,,,,,,,,,,
44172,2/9/13,,,,,,,,,,,,,,,,,,,,
142681,1/28/13,Search - Paid,Desktop,,,,,,,,,,,,,,,,,,
48590,1/23/13,Search - Paid,Desktop,,,,,,,,,,,,,,,,,,
799506,1/16/13,,Desktop,,,,,,,,,,,,,,,,,,
124656,1/13/13,Search - Paid,,,,,,,,,,,,,,,,,,,
446254,1/11/13,,,,,,,,,,,,,,,,,,,,
542138,1/8/13,Display - Acquisition,Phone,,,,,,,,,,,,,,,,,,
253115,1/6/13,Search - Paid,,,,,,,,,,,,,,,,,,,
554065,12/30/12,Comparison Shopping,,,,,,,,,,,,,,,,,,,
268976,12/27/12,Comparison Shopping,Desktop,,,,,,,,,,,,,,,,,,
239078,12/27/12,Search - Paid,,,,,,,,,,,,,,,,,,,
1161670,12/24/12,Search - Organic,,,,,,,,,,,,,,,,,,,
47406,12/19/12,,,,,,,,,,,,,,,,,,,,
637302,12/18/12,,Phone,,,,,,,,,,,,,,,,,,
213617,12/13/12,Search - Paid,Desktop,,,,,,,,,,,,,,,,,,
919472,12/12/12,Search - Organic,,,,,,,,,,,,,,,,,,,
668056,12/12/12,,Phone,,,,,,,,,,,,,,,,,,
454056,12/12/12,Search - Organic,,,,,,,,,,,,,,,,,,,
255934,12/12/12,Search - Organic,,,,,,,,,,,,,,,,,,,
11749,12/12/12,,Desktop,,,,,,,,,,,,,,,,,,
45778,12/9/12,Search - Paid,Desktop,,,,,,,,,,,,,,,,,,
1103453,12/8/12,Search - Paid,Desktop,,,,,,,,,,,,,,,,,,
38702,12/7/12,,Desktop,,,,,,,,,,,,,,,,,,
1015036,12/2/12,,,,,,,,,,,,,,,,,,,,
926745,12/2/12,,,,,,,,,,,,,,,,,,,,
76562,11/30/12,Search - Paid,,,,,,,,,,,,,,,,,,,
257274,11/27/12,Search - Paid,,,,,,,,,,,,,,,,,,,
82448,11/27/12,,,,,,,,,,,,,,,,,,,,
919987,11/25/12,Search - Paid,,,,,,,,,,,,,,,,,,,
791837,11/23/12,Search - Paid,Desktop,,,,,,,,,,,,,,,,,,
548243,11/21/12,,,,,,,,,,,,,,,,,,,,
1163322,11/17/12,Social - Paid,Phone,,,,,,,,,,,,,,,,,,
494025,11/15/12,Search - Paid,,,,,,,,,,,,,,,,,,,
496726,11/10/12,,,,,,,,,,,,,,,,,,,,
114415,11/8/12,Search - Paid,,,,,,,,,,,,,,,,,,,
309887,11/7/12,Search - Organic,Desktop,,,,,,,,,,,,,,,,,,
266733,11/7/12,Search - Organic,Desktop,,,,,,,,,,,,,,,,,,
450751,11/3/12,Social - Paid,Desktop,,,,,,,,,,,,,,,,,,
999230,11/1/12,,,,,,,,,,,,,,,,,,,,
784474,11/1/12,,Desktop,,,,,,,,,,,,,,,,,,
103459,11/1/12,Search - Paid,,,,,,,,,,,,,,,,,,,
1150492,10/21/12,Search - Paid,,,,,,,,,,,,,,,,,,,
929585,10/19/12,Search - Paid,,,,,,,,,,,,,,,,,,,
149066,10/19/12,,Desktop,,,,,,,,,,,,,,,,,,
839671,10/16/12,Search - Paid,,,,,,,,,,,,,,,,,,,
614517,10/16/12,Search - Paid,Phone,,,,,,,,,,,,,,,,,,
46006,10/13/12,Search - Paid,Desktop,,,,,,,,,,,,,,,,,,
369143,10/7/12,Search - Paid,,,,,,,,,,,,,,,,,,,
494798,10/5/12,Search - Organic,,,,,,,,,,,,,,,,,,,
565102,10/1/12,Social - Paid,Phone,,,,,,,,,,,,,,,,,,
355943,9/30/12,Search - Paid,Desktop,,,,,,,,,,,,,,,,,,
997423,9/24/12,,,,,,,,,,,,,,,,,,,,
59242,9/24/12,Search - Paid,,,,,,,,,,,,,,,,,,,
564089,9/19/12,Search - Paid,,,,,,,,,,,,,,,,,,,
928427,9/18/12,Search - Organic,,,,,,,,,,,,,,,,,,,
683182,9/17/12,Search - Organic,,,,,,,,,,,,,,,,,,,
29219,9/17/12,Other,,,,,,,,,,,,,,,,,,,
429789,9/16/12,Search - Paid,,,,,,,,,,,,,,,,,,,
905917,9/14/12,,,,,,,,,,,,,,,,,,,,
1162582,9/11/12,Comparison Shopping,,,,,,,,,,,,,,,,,,,
261900,9/10/12,,,,,,,,,,,,,,,,,,,,
834824,9/9/12,Search - Organic,,,,,,,,,,,,,,,,,,,
380773,9/5/12,Comparison Shopping,Desktop,,,,,,,,,,,,,,,,,,
1034593,9/2/12,Search - Paid,,,,,,,,,,,,,,,,,,,
737037,9/2/12,,Desktop,,,,,,,,,,,,,,,,,,
561896,8/27/12,Search - Paid,,,,,,,,,,,,,,,,,,,
1145322,8/23/12,,,,,,,,,,,,,,,,,,,,
279227,8/16/12,Comparison Shopping,,,,,,,,,,,,,,,,,,,
90197,8/16/12,Search - Paid,Phone,,,,,,,,,,,,,,,,,,
1129025,8/12/12,,,,,,,,,,,,,,,,,,,,
527915,8/9/12,,Phone,,,,,,,,,,,,,,,,,,
984772,8/8/12,Search - Paid,,,,,,,,,,,,,,,,,,,
26602,8/1/12,Search - Organic,,,,,,,,,,,,,,,,,,,
253580,7/19/12,Search - Paid,,,,,,,,,,,,,,,,,,,
22133,7/19/12,Search - Organic,Desktop,,,,,,,,,,,,,,,,,,
76225,7/18/12,Search - Paid,Phone,,,,,,,,,,,,,,,,,,
337610,7/11/12,,Desktop,,,,,,,,,,,,,,,,,,
387633,7/7/12,Search - Organic,,,,,,,,,,,,,,,,,,,
545479,7/5/12,Search - Paid,Phone,,,,,,,,,,,,,,,,,,
114756,7/4/12,Search - Paid,,,,,,,,,,,,,,,,,,,
356304,7/2/12,Search - Organic,Desktop,,,,,,,,,,,,,,,,,,
102277,6/30/12,Other,,,,,,,,,,,,,,,,,,,
63273,6/30/12,Search - Organic,Desktop,,,,,,,,,,,,,,,,,,
27575,6/30/12,,,,,,,,,,,,,,,,,,,,
1140618,6/26/12,Comparison Shopping,,,,,,,,,,,,,,,,,,,
890582,6/26/12,Other,,,,,,,,,,,,,,,,,,,
197704,6/26/12,Search - Paid,Desktop,,,,,,,,,,,,,,,,,,
298453,6/22/12,Search - Organic,Desktop,,,,,,,,,,,,,,,,,,
363271,6/21/12,Social - Paid,Desktop,,,,,,,,,,,,,,,,,,
926975,6/19/12,Search - Paid,,,,,,,,,,,,,,,,,,,
12522,6/19/12,,Desktop,,,,,,,,,,,,,,,,,,
67497,6/18/12,Search - Paid,,,,,,,,,,,,,,,,,,,
490808,6/16/12,Search - Paid,,,,,,,,,,,,,,,,,,,
5952,6/8/12,Search - Paid,Desktop,,,,,,,,,,,,,,,,,,
203076,6/4/12,,Desktop,,,,,,,,,,,,,,,,,,
112874,5/30/12,Search - Organic,,,,,,,,,,,,,,,,,,,
3302,5/29/12,,Desktop,,,,,,,,,,,,,,,,,,
236367,5/27/12,Other,,,,,,,,,,,,,,,,,,,
137615,5/26/12,Search - Paid,Desktop,,,,,,,,,,,,,,,,,,
871555,5/25/12,Search - Paid,,,,,,,,,,,,,,,,,,,
974725,5/24/12,Search - Paid,,,,,,,,,,,,,,,,,,,
660422,5/19/12,,Phone,,,,,,,,,,,,,,,,,,
16729,5/19/12,Search - Paid,,,,,,,,,,,,,,,,,,,
365268,5/16/12,Search - Organic,,,,,,,,,,,,,,,,,,,
56002,5/13/12,Search - Paid,,,,,,,,,,,,,,,,,,,
168051,5/4/12,Search - Paid,Desktop,,,,,,,,,,,,,,,,,,
184846,5/2/12,Search - Organic,Desktop,,,,,,,,,,,,,,,,,,
708622,5/1/12,Comparison Shopping,,,,,,,,,,,,,,,,,,,
218489,5/1/12,,Desktop,,,,,,,,,,,,,,,,,,
350832,4/18/12,Display - Acquisition,Desktop,,,,,,,,,,,,,,,,,,
357318,4/16/12,Search - Paid,Desktop,,,,,,,,,,,,,,,,,,
607222,4/6/12,Search - Paid,Phone,,,,,,,,,,,,,,,,,,
15006,3/31/12,,,,,,,,,,,,,,,,,,,,
1058111,3/28/12,Search - Paid,,,,,,,,,,,,,,,,,,,
27487,3/20/12,Search - Paid,,,,,,,,,,,,,,,,,,,
747216,3/19/12,,Desktop,,,,,,,,,,,,,,,,,,
329312,3/12/12,Search - Paid,Desktop,,,,,,,,,,,,,,,,,,
784733,3/6/12,Search - Organic,Desktop,,,,,,,,,,,,,,,,,,
150265,3/2/12,,Desktop,,,,,,,,,,,,,,,,,,
1034402,2/26/12,,,,,,,,,,,,,,,,,,,,
251834,2/22/12,Search - Organic,,,,,,,,,,,,,,,,,,,
1019656,2/19/12,,,,,,,,,,,,,,,,,,,,
45176,2/19/12,Search - Paid,,,,,,,,,,,,,,,,,,,
46017,2/10/12,Search - Paid,Desktop,,,,,,,,,,,,,,,,,,
312768,2/1/12,,Desktop,,,,,,,,,,,,,,,,,,
747216,1/31/12,,Desktop,,,,,,,,,,,,,,,,,,
134767,1/31/12,Search - Paid,Desktop,,,,,,,,,,,,,,,,,,
122130,1/27/12,Search - Paid,,,,,,,,,,,,,,,,,,,
191840,1/25/12,Search - Paid,,,,,,,,,,,,,,,,,,,
119240,1/16/12,Search - Paid,,,,,,,,,,,,,,,,,,,
62447,1/11/12,Display - Acquisition,Desktop,,,,,,,,,,,,,,,,,,
913409,1/5/12,,,,,,,,,,,,,,,,,,,,
1119585,12/28/11,Search - Paid,,,,,,,,,,,,,,,,,,,
453991,12/28/11,Search - Organic,,,,,,,,,,,,,,,,,,,
394789,12/25/11,,Desktop,,,,,,,,,,,,,,,,,,
1102789,12/24/11,Comparison Shopping,,,,,,,,,,,,,,,,,,,
962942,12/8/11,,,,,,,,,,,,,,,,,,,,
447557,12/8/11,Search - Organic,,,,,,,,,,,,,,,,,,,
378947,12/7/11,,,,,,,,,,,,,,,,,,,,
13747,12/7/11,Search - Paid,,,,,,,,,,,,,,,,,,,
24488,12/2/11,,,,,,,,,,,,,,,,,,,,
662277,11/30/11,,Phone,,,,,,,,,,,,,,,,,,
90380,11/26/11,Search - Paid,Phone,,,,,,,,,,,,,,,,,,
101341,11/24/11,Search - Paid,Desktop,,,,,,,,,,,,,,,,,,
10342,11/22/11,Search - Paid,,,,,,,,,,,,,,,,,,,
397746,11/21/11,Search - Organic,Desktop,,,,,,,,,,,,,,,,,,
173445,11/20/11,Search - Paid,Desktop,,,,,,,,,,,,,,,,,,
123979,11/20/11,Search - Paid,,,,,,,,,,,,,,,,,,,
31342,11/18/11,,Desktop,,,,,,,,,,,,,,,,,,
806915,11/11/11,,Desktop,,,,,,,,,,,,,,,,,,
333284,11/9/11,Search - Paid,Desktop,,,,,,,,,,,,,,,,,,
192344,11/4/11,Search - Paid,Desktop,,,,,,,,,,,,,,,,,,
142488,10/31/11,Other,Desktop,,,,,,,,,,,,,,,,,,
792576,10/30/11,Search - Paid,Desktop,,,,,,,,,,,,,,,,,,
475351,10/30/11,,,,,,,,,,,,,,,,,,,,
226754,10/26/11,Search - Paid,,,,,,,,,,,,,,,,,,,
21986,10/23/11,,,,,,,,,,,,,,,,,,,,
179816,10/16/11,Search - Paid,Desktop,,,,,,,,,,,,,,,,,,
717420,10/15/11,Search - Paid,Desktop,,,,,,,,,,,,,,,,,,
603805,10/6/11,Comparison Shopping,Phone,,,,,,,,,,,,,,,,,,
798980,10/2/11,Search - Paid,Desktop,,,,,,,,,,,,,,,,,,
25884,9/28/11,,,,,,,,,,,,,,,,,,,,
988518,9/23/11,Search - Paid,,,,,,,,,,,,,,,,,,,
635559,9/17/11,Search - Paid,Phone,,,,,,,,,,,,,,,,,,
491362,9/15/11,Search - Organic,,,,,,,,,,,,,,,,,,,
1047582,9/12/11,Search - Organic,Desktop,,,,,,,,,,,,,,,,,,
1147897,9/11/11,Search - Organic,,,,,,,,,,,,,,,,,,,
115316,9/7/11,Search - Paid,,,,,,,,,,,,,,,,,,,
138134,8/30/11,,Desktop,,,,,,,,,,,,,,,,,,
506901,8/29/11,Search - Paid,,,,,,,,,,,,,,,,,,,
239950,8/27/11,,,,,,,,,,,,,,,,,,,,
795655,8/11/11,Search - Paid,Desktop,,,,,,,,,,,,,,,,,,
436767,8/3/11,,,,,,,,,,,,,,,,,,,,
144428,7/31/11,,Desktop,,,,,,,,,,,,,,,,,,
635007,7/28/11,Search - Paid,Phone,,,,,,,,,,,,,,,,,,
500214,7/25/11,Search - Paid,,,,,,,,,,,,,,,,,,,
657908,7/18/11,,Phone,,,,,,,,,,,,,,,,,,
365808,7/13/11,,,,,,,,,,,,,,,,,,,,
90873,7/5/11,,Phone,,,,,,,,,,,,,,,,,,
877054,7/3/11,Search - Organic,,,,,,,,,,,,,,,,,,,
116874,6/29/11,Search - Paid,,,,,,,,,,,,,,,,,,,
19409,6/29/11,,Desktop,,,,,,,,,,,,,,,,,,
91178,6/25/11,Search - Paid,Phone,,,,,,,,,,,,,,,,,,
519662,6/15/11,,,,,,,,,,,,,,,,,,,,
1048523,6/14/11,Display - Acquisition,,,,,,,,,,,,,,,,,,,
835821,6/12/11,,,,,,,,,,,,,,,,,,,,
726536,6/12/11,,Desktop,,,,,,,,,,,,,,,,,,
29005,6/9/11,,Desktop,,,,,,,,,,,,,,,,,,
287013,6/7/11,Display - Acquisition,Tablet,,,,,,,,,,,,,,,,,,
1196726,6/5/11,Display - Acquisition,,,,,,,,,,,,,,,,,,,
93041,6/1/11,Other,,,,,,,,,,,,,,,,,,,
71922,5/28/11,Search - Organic,Phone,,,,,,,,,,,,,,,,,,
46469,5/28/11,,,,,,,,,,,,,,,,,,,,
719710,5/25/11,Search - Paid,Desktop,,,,,,,,,,,,,,,,,,
2155,5/25/11,Search - Paid,Desktop,,,,,,,,,,,,,,,,,,
418714,5/14/11,Search - Organic,,,,,,,,,,,,,,,,,,,
669993,5/6/11,Search - Paid,Phone,,,,,,,,,,,,,,,,,,
939369,5/5/11,Search - Paid,,,,,,,,,,,,,,,,,,,
600939,5/2/11,Search - Paid,Desktop,,,,,,,,,,,,,,,,,,
496584,5/1/11,Search - Paid,,,,,,,,,,,,,,,,,,,
312218,5/1/11,Search - Paid,Desktop,,,,,,,,,,,,,,,,,,
395610,4/24/11,,Desktop,,,,,,,,,,,,,,,,,,
260317,4/21/11,,,,,,,,,,,,,,,,,,,,
363820,4/20/11,,Phone,,,,,,,,,,,,,,,,,,
398589,4/17/11,Search - Organic,Desktop,,,,,,,,,,,,,,,,,,
167019,4/10/11,Search - Paid,Desktop,,,,,,,,,,,,,,,,,,
901315,4/8/11,,,,,,,,,,,,,,,,,,,,
237660,4/1/11,,,,,,,,,,,,,,,,,,,,
67151,3/31/11,Search - Paid,Desktop,,,,,,,,,,,,,,,,,,
1137673,3/26/11,,,,,,,,,,,,,,,,,,,,
565903,3/19/11,Search - Paid,,,,,,,,,,,,,,,,,,,
704634,3/16/11,Search - Paid,,,,,,,,,,,,,,,,,,,
194997,3/14/11,,Desktop,,,,,,,,,,,,,,,,,,
1061115,3/10/11,Search - Organic,,,,,,,,,,,,,,,,,,,
266868,3/2/11,,Desktop,,,,,,,,,,,,,,,,,,
660252,2/27/11,,Phone,,,,,,,,,,,,,,,,,,
535417,2/27/11,Comparison Shopping,Phone,,,,,,,,,,,,,,,,,,
240450,2/26/11,Search - Organic,Tablet,,,,,,,,,,,,,,,,,,
96924,2/21/11,,Desktop,,,,,,,,,,,,,,,,,,
1153,2/15/11,,Desktop,,,,,,,,,,,,,,,,,,
143489,2/7/11,Search - Paid,Desktop,,,,,,,,,,,,,,,,,,
69342,2/7/11,Search - Paid,Phone,,,,,,,,,,,,,,,,,,
459202,2/3/11,Search - Organic,,,,,,,,,,,,,,,,,,,
406609,1/29/11,Search - Paid,Desktop,,,,,,,,,,,,,,,,,,
429759,1/28/11,Comparison Shopping,,,,,,,,,,,,,,,,,,,
692730,1/25/11,Search - Paid,,,,,,,,,,,,,,,,,,,
1008902,1/15/11,,,,,,,,,,,,,,,,,,,,
822291,1/10/11,Search - Paid,Desktop,,,,,,,,,,,,,,,,,,
673855,1/6/11,Other,Phone,,,,,,,,,,,,,,,,,,
140639,1/5/11,Search - Paid,Desktop,,,,,,,,,,,,,,,,,,
125310,12/31/10,Search - Paid,,,,,,,,,,,,,,,,,,,
30281,12/8/10,Other,Desktop,,,,,,,,,,,,,,,,,,
536633,12/7/10,Search - Organic,Phone,,,,,,,,,,,,,,,,,,
938499,12/6/10,Search - Paid,,,,,,,,,,,,,,,,,,,
86043,11/28/10,Display - Acquisition,Phone,,,,,,,,,,,,,,,,,,
522408,11/26/10,Search - Organic,,,,,,,,,,,,,,,,,,,
43762,11/22/10,,,,,,,,,,,,,,,,,,,,
542292,11/19/10,Search - Organic,Phone,,,,,,,,,,,,,,,,,,
832837,11/16/10,Search - Paid,,,,,,,,,,,,,,,,,,,
8352,11/15/10,Search - Paid,Desktop,,,,,,,,,,,,,,,,,,
50850,11/14/10,Search - Paid,Desktop,,,,,,,,,,,,,,,,,,
6092,11/3/10,,Desktop,,,,,,,,,,,,,,,,,,
38481,10/30/10,Search - Paid,Desktop,,,,,,,,,,,,,,,,,,
54720,10/28/10,Search - Paid,Desktop,,,,,,,,,,,,,,,,,,
323284,10/27/10,,Desktop,,,,,,,,,,,,,,,,,,
1030499,10/24/10,Search - Paid,,,,,,,,,,,,,,,,,,,
281819,10/21/10,,Desktop,,,,,,,,,,,,,,,,,,
92807,10/18/10,Search - Paid,,,,,,,,,,,,,,,,,,,
707069,10/12/10,,,,,,,,,,,,,,,,,,,,
10854,10/9/10,,,,,,,,,,,,,,,,,,,,
553480,10/3/10,,,,,,,,,,,,,,,,,,,,
473473,9/27/10,,,,,,,,,,,,,,,,,,,,
346916,9/27/10,Search - Organic,Desktop,,,,,,,,,,,,,,,,,,
8471,9/24/10,,Desktop,,,,,,,,,,,,,,,,,,
421086,9/23/10,Search - Organic,,,,,,,,,,,,,,,,,,,
114473,9/18/10,Search - Organic,,,,,,,,,,,,,,,,,,,
188009,9/15/10,,Desktop,,,,,,,,,,,,,,,,,,
955721,9/9/10,Display - Acquisition,,,,,,,,,,,,,,,,,,,
133193,9/9/10,Search - Paid,Desktop,,,,,,,,,,,,,,,,,,
1164424,8/29/10,Search - Organic,,,,,,,,,,,,,,,,,,,
65547,8/27/10,Search - Paid,,,,,,,,,,,,,,,,,,,
532079,8/24/10,Search - Paid,Phone,,,,,,,,,,,,,,,,,,
147047,8/19/10,,Desktop,,,,,,,,,,,,,,,,,,
128554,8/18/10,Search - Paid,,,,,,,,,,,,,,,,,,,
983108,8/17/10,Search - Paid,,,,,,,,,,,,,,,,,,,
786157,8/4/10,,Desktop,,,,,,,,,,,,,,,,,,
595567,8/3/10,Search - Paid,Phone,,,,,,,,,,,,,,,,,,
703897,7/31/10,Search - Paid,,,,,,,,,,,,,,,,,,,
785492,7/27/10,Search - Organic,Desktop,,,,,,,,,,,,,,,,,,
551822,7/27/10,,,,,,,,,,,,,,,,,,,,
168266,7/27/10,Search - Paid,Desktop,,,,,,,,,,,,,,,,,,
1051992,7/23/10,Search - Paid,,,,,,,,,,,,,,,,,,,
70501,7/23/10,Social - Paid,Phone,,,,,,,,,,,,,,,,,,
963038,7/13/10,Search - Organic,,,,,,,,,,,,,,,,,,,
1033144,7/12/10,,,,,,,,,,,,,,,,,,,,
18254,7/12/10,Search - Paid,Desktop,,,,,,,,,,,,,,,,,,
259631,7/10/10,,,,,,,,,,,,,,,,,,,,
3146,7/1/10,Search - Paid,Desktop,,,,,,,,,,,,,,,,,,
57223,6/17/10,Other,Desktop,,,,,,,,,,,,,,,,,,
1150936,6/5/10,,,,,,,,,,,,,,,,,,,,
152302,6/4/10,Search - Paid,Desktop,,,,,,,,,,,,,,,,,,
324713,5/31/10,,,,,,,,,,,,,,,,,,,,
227490,5/31/10,,,,,,,,,,,,,,,,,,,,
122213,5/29/10,Other,,,,,,,,,,,,,,,,,,,
235535,5/27/10,Search - Organic,,,,,,,,,,,,,,,,,,,
834193,5/23/10,Search - Paid,,,,,,,,,,,,,,,,,,,
910883,5/22/10,Display - Acquisition,,,,,,,,,,,,,,,,,,,
263027,5/21/10,Search - Paid,,,,,,,,,,,,,,,,,,,
130642,5/13/10,Search - Organic,Tablet,,,,,,,,,,,,,,,,,,
736326,5/5/10,Display - Acquisition,Desktop,,,,,,,,,,,,,,,,,,
41627,4/24/10,,,,,,,,,,,,,,,,,,,,
1177980,4/18/10,Search - Paid,,,,,,,,,,,,,,,,,,,
189767,4/3/10,,Desktop,,,,,,,,,,,,,,,,,,
973812,4/2/10,Comparison Shopping,,,,,,,,,,,,,,,,,,,
954823,3/21/10,Comparison Shopping,,,,,,,,,,,,,,,,,,,
659886,3/21/10,Search - Organic,Phone,,,,,,,,,,,,,,,,,,
236052,3/18/10,,,,,,,,,,,,,,,,,,,,
1128979,3/7/10,Comparison Shopping,,,,,,,,,,,,,,,,,,,
130047,3/6/10,Search - Paid,,,,,,,,,,,,,,,,,,,
36275,3/6/10,,,,,,,,,,,,,,,,,,,,
850933,3/5/10,Social - Paid,Tablet,,,,,,,,,,,,,,,,,,
21067,3/3/10,,,,,,,,,,,,,,,,,,,,
392155,3/2/10,Search - Paid,,,,,,,,,,,,,,,,,,,
342613,3/2/10,Search - Paid,Desktop,,,,,,,,,,,,,,,,,,
46373,3/2/10,Search - Paid,,,,,,,,,,,,,,,,,,,
96684,2/28/10,Search - Paid,Desktop,,,,,,,,,,,,,,,,,,
314953,2/26/10,Search - Paid,Desktop,,,,,,,,,,,,,,,,,,
1001448,2/25/10,Search - Paid,,,,,,,,,,,,,,,,,,,
31200,2/24/10,Search - Paid,Desktop,,,,,,,,,,,,,,,,,,
6602,2/24/10,Search - Paid,Desktop,,,,,,,,,,,,,,,,,,
393723,2/20/10,,Desktop,,,,,,,,,,,,,,,,,,
856697,2/19/10,Search - Paid,,,,,,,,,,,,,,,,,,,
30129,2/19/10,Search - Paid,Desktop,,,,,,,,,,,,,,,,,,
846934,2/14/10,,,,,,,,,,,,,,,,,,,,
95993,2/12/10,Search - Paid,Desktop,,,,,,,,,,,,,,,,,,
937762,2/11/10,Search - Paid,,,,,,,,,,,,,,,,,,,
924115,2/5/10,Search - Paid,,,,,,,,,,,,,,,,,,,
953090,2/4/10,Search - Paid,,,,,,,,,,,,,,,,,,,
1067500,1/29/10,Search - Paid,,,,,,,,,,,,,,,,,,,
1034502,1/26/10,Search - Organic,,,,,,,,,,,,,,,,,,,
23905,1/25/10,,,,,,,,,,,,,,,,,,,,
368383,1/24/10,,,,,,,,,,,,,,,,,,,,
600320,1/20/10,Search - Paid,Phone,,,,,,,,,,,,,,,,,,
353776,1/19/10,Search - Organic,Desktop,,,,,,,,,,,,,,,,,,
641138,1/18/10,Search - Paid,Phone,,,,,,,,,,,,,,,,,,
86713,1/18/10,Search - Paid,Phone,,,,,,,,,,,,,,,,,,
33827,1/18/10,Other,Desktop,,,,,,,,,,,,,,,,,,
585549,1/14/10,Search - Paid,Phone,,,,,,,,,,,,,,,,,,
499311,1/11/10,Display - Acquisition,,,,,,,,,,,,,,,,,,,
1002912,1/10/10,Search - Paid,,,,,,,,,,,,,,,,,,,
814526,1/4/10,Search - Paid,Desktop,,,,,,,,,,,,,,,,,,
1065217,1/3/10,,,,,,,,,,,,,,,,,,,,
127238,12/31/09,,,,,,,,,,,,,,,,,,,,
855464,12/27/09,Search - Organic,,,,,,,,,,,,,,,,,,,
809393,12/26/09,Search - Paid,Desktop,,,,,,,,,,,,,,,,,,
301273,12/24/09,,Desktop,,,,,,,,,,,,,,,,,,
964761,12/13/09,,,,,,,,,,,,,,,,,,,,
373841,12/8/09,Search - Paid,Desktop,,,,,,,,,,,,,,,,,,
357113,12/2/09,,Desktop,,,,,,,,,,,,,,,,,,
182993,11/30/09,Search - Paid,Desktop,,,,,,,,,,,,,,,,,,
660273,11/25/09,Social - Paid,Phone,,,,,,,,,,,,,,,,,,
78887,11/25/09,Other,,,,,,,,,,,,,,,,,,,
450353,11/24/09,Search - Paid,,,,,,,,,,,,,,,,,,,
159853,11/22/09,,Desktop,,,,,,,,,,,,,,,,,,
564956,11/18/09,,,,,,,,,,,,,,,,,,,,
1015192,11/12/09,Search - Paid,,,,,,,,,,,,,,,,,,,
244751,11/1/09,,,,,,,,,,,,,,,,,,,,
14024,10/28/09,Search - Organic,Tablet,,,,,,,,,,,,,,,,,,
194515,10/27/09,Search - Paid,Desktop,,,,,,,,,,,,,,,,,,
102776,10/18/09,Search - Paid,,,,,,,,,,,,,,,,,,,
1039978,10/17/09,Search - Paid,,,,,,,,,,,,,,,,,,,
758985,9/29/09,Search - Paid,Desktop,,,,,,,,,,,,,,,,,,
31362,9/26/09,Search - Paid,,,,,,,,,,,,,,,,,,,
567323,9/21/09,Search - Organic,,,,,,,,,,,,,,,,,,,
583416,9/12/09,,,,,,,,,,,,,,,,,,,,
1206467,9/11/09,Search - Paid,,,,,,,,,,,,,,,,,,,
682632,9/8/09,,,,,,,,,,,,,,,,,,,,
494333,9/5/09,,,,,,,,,,,,,,,,,,,,
410839,8/29/09,Search - Organic,Desktop,,,,,,,,,,,,,,,,,,
884708,8/27/09,Search - Paid,,,,,,,,,,,,,,,,,,,
801914,8/24/09,Social - Paid,Desktop,,,,,,,,,,,,,,,,,,
583007,8/21/09,,,,,,,,,,,,,,,,,,,,
924915,8/20/09,,,,,,,,,,,,,,,,,,,,
75846,8/16/09,,Phone,,,,,,,,,,,,,,,,,,
1050865,8/10/09,Search - Paid,,,,,,,,,,,,,,,,,,,
199811,8/10/09,Search - Paid,Tablet,,,,,,,,,,,,,,,,,,
402165,8/8/09,Search - Paid,Desktop,,,,,,,,,,,,,,,,,,
300924,8/1/09,Search - Organic,Desktop,,,,,,,,,,,,,,,,,,
227667,7/21/09,Search - Organic,,,,,,,,,,,,,,,,,,,
106422,7/21/09,Search - Paid,,,,,,,,,,,,,,,,,,,
456355,7/17/09,Search - Organic,,,,,,,,,,,,,,,,,,,
1192145,7/13/09,Search - Paid,,,,,,,,,,,,,,,,,,,
234239,7/7/09,Search - Organic,,,,,,,,,,,,,,,,,,,
1128069,6/26/09,,,,,,,,,,,,,,,,,,,,
265604,6/25/09,Comparison Shopping,Desktop,,,,,,,,,,,,,,,,,,
460038,6/22/09,,,,,,,,,,,,,,,,,,,,
86288,6/21/09,Search - Paid,Phone,,,,,,,,,,,,,,,,,,
405796,6/13/09,Search - Paid,Desktop,,,,,,,,,,,,,,,,,,
1143660,6/6/09,Comparison Shopping,,,,,,,,,,,,,,,,,,,
58404,6/2/09,Search - Paid,Desktop,,,,,,,,,,,,,,,,,,
594558,6/1/09,Search - Paid,Phone,,,,,,,,,,,,,,,,,,
596195,5/31/09,Search - Organic,Desktop,,,,,,,,,,,,,,,,,,
394582,5/31/09,Search - Paid,Desktop,,,,,,,,,,,,,,,,,,
128787,5/27/09,Search - Paid,,,,,,,,,,,,,,,,,,,
994777,5/24/09,,,,,,,,,,,,,,,,,,,,
210038,5/12/09,Search - Organic,Desktop,,,,,,,,,,,,,,,,,,
527077,5/10/09,Search - Paid,Phone,,,,,,,,,,,,,,,,,,
1067197,5/8/09,,,,,,,,,,,,,,,,,,,,
573977,5/7/09,Comparison Shopping,,,,,,,,,,,,,,,,,,,
428060,5/6/09,,,,,,,,,,,,,,,,,,,,
37355,5/2/09,Search - Paid,Desktop,,,,,,,,,,,,,,,,,,
382633,4/29/09,,,,,,,,,,,,,,,,,,,,
30692,4/29/09,Search - Paid,Desktop,,,,,,,,,,,,,,,,,,
929251,4/18/09,,,,,,,,,,,,,,,,,,,,
569119,4/10/09,Search - Organic,,,,,,,,,,,,,,,,,,,
211034,4/7/09,,Desktop,,,,,,,,,,,,,,,,,,
406022,3/27/09,Search - Paid,,,,,,,,,,,,,,,,,,,
842344,3/20/09,,,,,,,,,,,,,,,,,,,,
439043,3/18/09,,,,,,,,,,,,,,,,,,,,
378952,3/8/09,,,,,,,,,,,,,,,,,,,,
935008,3/4/09,Search - Paid,,,,,,,,,,,,,,,,,,,
479547,3/2/09,Search - Organic,,,,,,,,,,,,,,,,,,,
411509,3/2/09,Search - Organic,Desktop,,,,,,,,,,,,,,,,,,
25773,3/1/09,Search - Paid,,,,,,,,,,,,,,,,,,,
618789,2/19/09,Search - Organic,Phone,,,,,,,,,,,,,,,,,,
139146,2/18/09,Other,Desktop,,,,,,,,,,,,,,,,,,
40087,2/15/09,,Desktop,,,,,,,,,,,,,,,,,,
308133,2/6/09,Search - Organic,Desktop,,,,,,,,,,,,,,,,,,
263513,2/5/09,Other,,,,,,,,,,,,,,,,,,,
62014,2/4/09,Search - Organic,Desktop,,,,,,,,,,,,,,,,,,
29892,2/4/09,,Desktop,,,,,,,,,,,,,,,,,,
1002587,2/1/09,,,,,,,,,,,,,,,,,,,,
1066102,1/27/09,Search - Paid,,,,,,,,,,,,,,,,,,,
1181073,1/23/09,,,,,,,,,,,,,,,,,,,,
388530,1/23/09,Search - Organic,,,,,,,,,,,,,,,,,,,
277520,1/19/09,Search - Organic,Desktop,,,,,,,,,,,,,,,,,,
1055339,1/18/09,Search - Paid,,,,,,,,,,,,,,,,,,,
103542,1/18/09,Search - Organic,,,,,,,,,,,,,,,,,,,
378360,1/15/09,Search - Paid,,,,,,,,,,,,,,,,,,,
612342,1/2/09,Search - Paid,Phone,,,,,,,,,,,,,,,,,,
30835,12/25/08,Search - Paid,Desktop,,,,,,,,,,,,,,,,,,
39610,12/23/08,,Desktop,,,,,,,,,,,,,,,,,,
925266,12/18/08,Search - Paid,,,,,,,,,,,,,,,,,,,
494653,12/18/08,Search - Paid,,,,,,,,,,,,,,,,,,,
496776,12/11/08,Display - Acquisition,,,,,,,,,,,,,,,,,,,
678365,12/3/08,,,,,,,,,,,,,,,,,,,,
651440,12/2/08,Search - Paid,Phone,,,,,,,,,,,,,,,,,,
418741,11/27/08,Search - Paid,,,,,,,,,,,,,,,,,,,
399375,11/25/08,Social - Paid,Desktop,,,,,,,,,,,,,,,,,,
40935,11/24/08,Other,,,,,,,,,,,,,,,,,,,
383858,11/22/08,Search - Paid,,,,,,,,,,,,,,,,,,,
71836,11/18/08,Search - Paid,Phone,,,,,,,,,,,,,,,,,,
87196,11/10/08,Search - Paid,Phone,,,,,,,,,,,,,,,,,,
47019,11/9/08,Search - Paid,,,,,,,,,,,,,,,,,,,
18756,11/9/08,Search - Paid,Desktop,,,,,,,,,,,,,,,,,,
75236,11/8/08,Search - Paid,Phone,,,,,,,,,,,,,,,,,,
260317,10/27/08,Search - Paid,,,,,,,,,,,,,,,,,,,
624082,10/24/08,,Phone,,,,,,,,,,,,,,,,,,
603772,10/24/08,,Phone,,,,,,,,,,,,,,,,,,
985863,10/21/08,,,,,,,,,,,,,,,,,,,,
21362,10/21/08,Search - Paid,,,,,,,,,,,,,,,,,,,
524492,10/17/08,,,,,,,,,,,,,,,,,,,,
679365,10/14/08,Search - Paid,,,,,,,,,,,,,,,,,,,
79996,10/5/08,,,,,,,,,,,,,,,,,,,,
494616,10/3/08,Search - Paid,,,,,,,,,,,,,,,,,,,
106625,9/29/08,Search - Paid,,,,,,,,,,,,,,,,,,,
465701,9/25/08,Search - Paid,,,,,,,,,,,,,,,,,,,
251057,9/22/08,Other,,,,,,,,,,,,,,,,,,,
890342,9/18/08,Search - Paid,,,,,,,,,,,,,,,,,,,
1178930,9/12/08,Search - Paid,,,,,,,,,,,,,,,,,,,
1033965,9/7/08,,,,,,,,,,,,,,,,,,,,
119997,8/31/08,Social - Paid,,,,,,,,,,,,,,,,,,,
378025,8/27/08,,,,,,,,,,,,,,,,,,,,
476233,8/24/08,,,,,,,,,,,,,,,,,,,,
813934,8/18/08,Social - Paid,Tablet,,,,,,,,,,,,,,,,,,
385493,8/18/08,Search - Organic,,,,,,,,,,,,,,,,,,,
19159,8/13/08,Search - Paid,Desktop,,,,,,,,,,,,,,,,,,
32365,7/30/08,,,,,,,,,,,,,,,,,,,,
946610,7/27/08,,,,,,,,,,,,,,,,,,,,
433281,7/22/08,Search - Paid,,,,,,,,,,,,,,,,,,,
106422,7/17/08,,,,,,,,,,,,,,,,,,,,
578611,7/8/08,,,,,,,,,,,,,,,,,,,,
564783,7/4/08,,,,,,,,,,,,,,,,,,,,
84374,6/25/08,Search - Organic,,,,,,,,,,,,,,,,,,,
76828,6/22/08,Search - Paid,,,,,,,,,,,,,,,,,,,
518207,6/21/08,,,,,,,,,,,,,,,,,,,,
382347,6/17/08,,,,,,,,,,,,,,,,,,,,
344161,6/17/08,Other,Desktop,,,,,,,,,,,,,,,,,,
21,6/14/08,Search - Paid,Desktop,,,,,,,,,,,,,,,,,,
564745,6/11/08,Search - Organic,,,,,,,,,,,,,,,,,,,
50588,6/9/08,Social - Paid,Desktop,,,,,,,,,,,,,,,,,,
1161085,6/8/08,Search - Organic,,,,,,,,,,,,,,,,,,,
566956,6/2/08,,,,,,,,,,,,,,,,,,,,
123443,5/31/08,,,,,,,,,,,,,,,,,,,,
610199,5/26/08,Search - Organic,Phone,,,,,,,,,,,,,,,,,,
399557,5/23/08,Social - Paid,Desktop,,,,,,,,,,,,,,,,,,
258402,5/15/08,Search - Paid,,,,,,,,,,,,,,,,,,,
98737,4/30/08,,Desktop,,,,,,,,,,,,,,,,,,
56419,4/29/08,,Desktop,,,,,,,,,,,,,,,,,,
177762,4/28/08,Social - Paid,,,,,,,,,,,,,,,,,,,
605333,4/27/08,Search - Paid,Phone,,,,,,,,,,,,,,,,,,
235863,4/27/08,,,,,,,,,,,,,,,,,,,,
809184,4/26/08,Search - Organic,Desktop,,,,,,,,,,,,,,,,,,
552340,4/26/08,Search - Paid,,,,,,,,,,,,,,,,,,,
541053,4/26/08,Comparison Shopping,Phone,,,,,,,,,,,,,,,,,,
603819,4/25/08,,Phone,,,,,,,,,,,,,,,,,,
390174,4/14/08,,Desktop,,,,,,,,,,,,,,,,,,
454591,4/7/08,,,,,,,,,,,,,,,,,,,,
174857,4/2/08,Search - Paid,Desktop,,,,,,,,,,,,,,,,,,
562865,3/29/08,Search - Organic,,,,,,,,,,,,,,,,,,,
46956,3/27/08,Search - Paid,Desktop,,,,,,,,,,,,,,,,,,
250034,3/22/08,,,,,,,,,,,,,,,,,,,,
86221,3/22/08,,Phone,,,,,,,,,,,,,,,,,,
995035,3/18/08,,,,,,,,,,,,,,,,,,,,
547881,3/18/08,Search - Paid,,,,,,,,,,,,,,,,,,,
193399,3/18/08,Search - Organic,Desktop,,,,,,,,,,,,,,,,,,
438182,3/14/08,Search - Paid,,,,,,,,,,,,,,,,,,,
267619,2/25/08,Search - Organic,Desktop,,,,,,,,,,,,,,,,,,
247617,2/15/08,Search - Paid,,,,,,,,,,,,,,,,,,,
146016,2/15/08,Search - Paid,Desktop,,,,,,,,,,,,,,,,,,
11146,2/14/08,,,,,,,,,,,,,,,,,,,,
576620,2/11/08,,,,,,,,,,,,,,,,,,,,
195889,2/2/08,Search - Organic,Desktop,,,,,,,,,,,,,,,,,,
4777,1/29/08,Search - Paid,,,,,,,,,,,,,,,,,,,
329498,1/22/08,Search - Paid,Desktop,,,,,,,,,,,,,,,,,,
184259,1/20/08,Search - Paid,Desktop,,,,,,,,,,,,,,,,,,
1050677,1/18/08,,,,,,,,,,,,,,,,,,,,
965935,1/18/08,,,,,,,,,,,,,,,,,,,,
279059,1/15/08,Search - Paid,Desktop,,,,,,,,,,,,,,,,,,
1155758,12/30/07,Search - Paid,,,,,,,,,,,,,,,,,,,
244676,12/29/07,,,,,,,,,,,,,,,,,,,,
1119710,12/28/07,,,,,,,,,,,,,,,,,,,,
1022080,12/27/07,,,,,,,,,,,,,,,,,,,,
1187280,12/20/07,Search - Paid,,,,,,,,,,,,,,,,,,,
255988,12/20/07,Display - Acquisition,,,,,,,,,,,,,,,,,,,
576228,12/7/07,Search - Paid,,,,,,,,,,,,,,,,,,,
465765,12/1/07,,,,,,,,,,,,,,,,,,,,
497303,11/30/07,,,,,,,,,,,,,,,,,,,,
148280,11/27/07,Search - Paid,Desktop,,,,,,,,,,,,,,,,,,
988386,11/24/07,Search - Paid,,,,,,,,,,,,,,,,,,,
77549,11/14/07,,Phone,,,,,,,,,,,,,,,,,,
829406,11/2/07,Search - Paid,Desktop,,,,,,,,,,,,,,,,,,
983334,10/27/07,Search - Paid,,,,,,,,,,,,,,,,,,,
394416,10/27/07,,Desktop,,,,,,,,,,,,,,,,,,
436564,10/26/07,Display - Acquisition,,,,,,,,,,,,,,,,,,,
68534,10/26/07,Search - Paid,,,,,,,,,,,,,,,,,,,
123673,10/23/07,Search - Paid,,,,,,,,,,,,,,,,,,,
447214,10/21/07,,,,,,,,,,,,,,,,,,,,
11156,10/20/07,,,,,,,,,,,,,,,,,,,,
559439,10/7/07,Search - Paid,,,,,,,,,,,,,,,,,,,
1062746,10/2/07,Search - Organic,,,,,,,,,,,,,,,,,,,
1065685,9/27/07,Comparison Shopping,,,,,,,,,,,,,,,,,,,
299531,9/25/07,Search - Paid,Desktop,,,,,,,,,,,,,,,,,,
462584,9/20/07,,,,,,,,,,,,,,,,,,,,
708941,9/19/07,Search - Organic,,,,,,,,,,,,,,,,,,,
351561,9/18/07,Search - Organic,Desktop,,,,,,,,,,,,,,,,,,
179936,9/18/07,Search - Paid,Desktop,,,,,,,,,,,,,,,,,,
22127,9/18/07,Other,Desktop,,,,,,,,,,,,,,,,,,
207431,9/4/07,Other,Desktop,,,,,,,,,,,,,,,,,,
49733,9/4/07,Search - Organic,,,,,,,,,,,,,,,,,,,
239244,8/27/07,Search - Paid,,,,,,,,,,,,,,,,,,,
15772,8/21/07,Search - Paid,Desktop,,,,,,,,,,,,,,,,,,
1151070,8/17/07,Search - Organic,,,,,,,,,,,,,,,,,,,
238274,8/16/07,Search - Paid,,,,,,,,,,,,,,,,,,,
32862,8/16/07,,,,,,,,,,,,,,,,,,,,
546,8/16/07,Search - Paid,Desktop,,,,,,,,,,,,,,,,,,
82993,8/13/07,Other,,,,,,,,,,,,,,,,,,,
108506,8/11/07,Search - Paid,,,,,,,,,,,,,,,,,,,
46537,8/10/07,Search - Paid,,,,,,,,,,,,,,,,,,,
137728,8/2/07,,Desktop,,,,,,,,,,,,,,,,,,
120951,8/1/07,Search - Paid,,,,,,,,,,,,,,,,,,,
186180,7/31/07,Search - Paid,Desktop,,,,,,,,,,,,,,,,,,
800455,7/29/07,Comparison Shopping,Desktop,,,,,,,,,,,,,,,,,,
282850,7/29/07,Search - Organic,Desktop,,,,,,,,,,,,,,,,,,
1030306,7/26/07,,,,,,,,,,,,,,,,,,,,
52995,7/24/07,,Desktop,,,,,,,,,,,,,,,,,,
846043,7/19/07,,,,,,,,,,,,,,,,,,,,
874225,7/18/07,Social - Paid,Tablet,,,,,,,,,,,,,,,,,,
90297,7/12/07,Search - Organic,Desktop,,,,,,,,,,,,,,,,,,
849153,7/8/07,,,,,,,,,,,,,,,,,,,,
474726,7/8/07,Search - Organic,,,,,,,,,,,,,,,,,,,
202020,7/5/07,Search - Paid,Desktop,,,,,,,,,,,,,,,,,,
78428,7/5/07,Other,,,,,,,,,,,,,,,,,,,
63391,7/5/07,Display - Acquisition,,,,,,,,,,,,,,,,,,,
260527,7/4/07,Social - Paid,Phone,,,,,,,,,,,,,,,,,,
1106328,6/28/07,Comparison Shopping,,,,,,,,,,,,,,,,,,,
94166,6/28/07,,,,,,,,,,,,,,,,,,,,
600344,6/26/07,,Phone,,,,,,,,,,,,,,,,,,
358486,6/26/07,Search - Paid,,,,,,,,,,,,,,,,,,,
199764,6/24/07,Search - Paid,Desktop,,,,,,,,,,,,,,,,,,
535935,6/23/07,,Phone,,,,,,,,,,,,,,,,,,
944164,6/17/07,Search - Paid,,,,,,,,,,,,,,,,,,,
168053,6/11/07,Search - Organic,Desktop,,,,,,,,,,,,,,,,,,
130071,6/6/07,Search - Paid,,,,,,,,,,,,,,,,,,,
69327,6/6/07,,,,,,,,,,,,,,,,,,,,
999762,6/1/07,Comparison Shopping,,,,,,,,,,,,,,,,,,,
382456,5/31/07,Search - Paid,,,,,,,,,,,,,,,,,,,
504955,5/27/07,Search - Paid,,,,,,,,,,,,,,,,,,,
583577,5/25/07,Search - Paid,,,,,,,,,,,,,,,,,,,
22950,5/25/07,Search - Paid,Desktop,,,,,,,,,,,,,,,,,,
260789,5/18/07,Search - Organic,,,,,,,,,,,,,,,,,,,
614025,5/7/07,Search - Paid,Phone,,,,,,,,,,,,,,,,,,
719714,5/6/07,Search - Paid,Desktop,,,,,,,,,,,,,,,,,,
169244,5/5/07,Search - Paid,Desktop,,,,,,,,,,,,,,,,,,
29344,5/1/07,,Desktop,,,,,,,,,,,,,,,,,,
564656,4/29/07,Search - Paid,,,,,,,,,,,,,,,,,,,
223895,4/29/07,,,,,,,,,,,,,,,,,,,,
216996,4/17/07,,Desktop,,,,,,,,,,,,,,,,,,
938480,4/7/07,Search - Paid,,,,,,,,,,,,,,,,,,,
133443,4/7/07,Search - Paid,Desktop,,,,,,,,,,,,,,,,,,
148548,4/2/07,Search - Organic,Desktop,,,,,,,,,,,,,,,,,,
1076044,3/30/07,Display - Acquisition,,,,,,,,,,,,,,,,,,,
383105,3/29/07,Search - Paid,,,,,,,,,,,,,,,,,,,
358175,3/29/07,Other,Desktop,,,,,,,,,,,,,,,,,,
577974,3/25/07,,,,,,,,,,,,,,,,,,,,
115667,3/17/07,Display - Acquisition,,,,,,,,,,,,,,,,,,,
351451,3/6/07,Display - Acquisition,Phone,,,,,,,,,,,,,,,,,,
521660,3/3/07,Search - Paid,,,,,,,,,,,,,,,,,,,
144983,3/2/07,Social - Paid,Desktop,,,,,,,,,,,,,,,,,,
1203033,3/1/07,Search - Paid,,,,,,,,,,,,,,,,,,,
708409,3/1/07,Search - Paid,,,,,,,,,,,,,,,,,,,
106749,3/1/07,Search - Organic,,,,,,,,,,,,,,,,,,,
293784,2/27/07,Search - Paid,Desktop,,,,,,,,,,,,,,,,,,
34842,2/26/07,Search - Paid,Desktop,,,,,,,,,,,,,,,,,,
497230,2/23/07,Comparison Shopping,,,,,,,,,,,,,,,,,,,
113131,2/22/07,Search - Paid,,,,,,,,,,,,,,,,,,,
678036,2/18/07,,,,,,,,,,,,,,,,,,,,
134470,2/18/07,Search - Paid,,,,,,,,,,,,,,,,,,,
99682,2/14/07,,Desktop,,,,,,,,,,,,,,,,,,
66810,2/12/07,Search - Organic,Desktop,,,,,,,,,,,,,,,,,,
607461,2/11/07,,Phone,,,,,,,,,,,,,,,,,,
648216,2/9/07,Other,Phone,,,,,,,,,,,,,,,,,,
1135735,2/6/07,,,,,,,,,,,,,,,,,,,,
46544,2/3/07,,,,,,,,,,,,,,,,,,,,
1034958,1/22/07,Search - Organic,,,,,,,,,,,,,,,,,,,
187184,1/18/07,Display - Acquisition,Desktop,,,,,,,,,,,,,,,,,,
360570,1/16/07,,,,,,,,,,,,,,,,,,,,
1134885,1/9/07,Search - Paid,,,,,,,,,,,,,,,,,,,
104180,1/9/07,Search - Organic,,,,,,,,,,,,,,,,,,,
173804,1/2/07,Other,Desktop,,,,,,,,,,,,,,,,,,
533869,1/1/07,,Phone,,,,,,,,,,,,,,,,,,
610138,12/31/06,,Phone,,,,,,,,,,,,,,,,,,
314939,12/31/06,Other,,,,,,,,,,,,,,,,,,,
915479,12/30/06,Search - Paid,,,,,,,,,,,,,,,,,,,
189685,12/27/06,Search - Paid,Desktop,,,,,,,,,,,,,,,,,,
983172,12/25/06,Search - Paid,,,,,,,,,,,,,,,,,,,
765050,12/25/06,Search - Paid,Desktop,,,,,,,,,,,,,,,,,,
1721,12/23/06,Search - Paid,Desktop,,,,,,,,,,,,,,,,,,
35275,12/20/06,Search - Paid,,,,,,,,,,,,,,,,,,,
136549,12/18/06,Search - Paid,Desktop,,,,,,,,,,,,,,,,,,
122207,12/18/06,Search - Paid,,,,,,,,,,,,,,,,,,,
48148,12/18/06,Search - Paid,,,,,,,,,,,,,,,,,,,
279152,12/17/06,,Desktop,,,,,,,,,,,,,,,,,,
1200417,12/12/06,Comparison Shopping,,,,,,,,,,,,,,,,,,,
1067508,12/12/06,Comparison Shopping,,,,,,,,,,,,,,,,,,,
195015,12/9/06,Search - Paid,Desktop,,,,,,,,,,,,,,,,,,
137381,12/5/06,Display - Acquisition,Desktop,,,,,,,,,,,,,,,,,,
317615,12/4/06,,Desktop,,,,,,,,,,,,,,,,,,
444007,11/30/06,Search - Paid,,,,,,,,,,,,,,,,,,,
118321,11/28/06,Search - Paid,,,,,,,,,,,,,,,,,,,
997956,11/25/06,,,,,,,,,,,,,,,,,,,,
322874,11/24/06,,Desktop,,,,,,,,,,,,,,,,,,
8125,11/19/06,Search - Paid,,,,,,,,,,,,,,,,,,,
344053,11/18/06,,,,,,,,,,,,,,,,,,,,
207574,11/10/06,,,,,,,,,,,,,,,,,,,,
441640,11/8/06,Social - Paid,Tablet,,,,,,,,,,,,,,,,,,
255645,11/4/06,Search - Organic,,,,,,,,,,,,,,,,,,,
104447,10/27/06,Search - Organic,,,,,,,,,,,,,,,,,,,
856023,10/26/06,Search - Organic,,,,,,,,,,,,,,,,,,,
522585,10/21/06,Display - Acquisition,Desktop,,,,,,,,,,,,,,,,,,
629052,10/18/06,Search - Paid,Phone,,,,,,,,,,,,,,,,,,
743855,10/13/06,Comparison Shopping,Desktop,,,,,,,,,,,,,,,,,,
812028,10/12/06,Search - Organic,Desktop,,,,,,,,,,,,,,,,,,
286559,10/10/06,Search - Paid,Desktop,,,,,,,,,,,,,,,,,,
1117435,10/5/06,Comparison Shopping,,,,,,,,,,,,,,,,,,,
1021499,9/30/06,Search - Paid,,,,,,,,,,,,,,,,,,,
748571,9/29/06,Social - Paid,Tablet,,,,,,,,,,,,,,,,,,
1212022,9/28/06,Search - Organic,,,,,,,,,,,,,,,,,,,
75471,9/28/06,Search - Paid,Phone,,,,,,,,,,,,,,,,,,
931682,9/27/06,Search - Paid,Desktop,,,,,,,,,,,,,,,,,,
11409,9/23/06,Search - Paid,,,,,,,,,,,,,,,,,,,
258917,9/19/06,Search - Paid,,,,,,,,,,,,,,,,,,,
169470,9/14/06,,Desktop,,,,,,,,,,,,,,,,,,
726305,9/8/06,,Desktop,,,,,,,,,,,,,,,,,,
466285,8/31/06,Search - Paid,,,,,,,,,,,,,,,,,,,
215277,8/22/06,,Desktop,,,,,,,,,,,,,,,,,,
1102697,8/20/06,Search - Paid,,,,,,,,,,,,,,,,,,,
792416,8/20/06,,Desktop,,,,,,,,,,,,,,,,,,
16189,8/18/06,Search - Paid,,,,,,,,,,,,,,,,,,,
814100,8/16/06,,Desktop,,,,,,,,,,,,,,,,,,
671634,8/14/06,Search - Paid,Desktop,,,,,,,,,,,,,,,,,,
92424,8/14/06,Search - Paid,Phone,,,,,,,,,,,,,,,,,,
190397,8/13/06,Search - Paid,Desktop,,,,,,,,,,,,,,,,,,
596577,8/11/06,,Phone,,,,,,,,,,,,,,,,,,
63892,8/7/06,,,,,,,,,,,,,,,,,,,,
927712,8/2/06,Search - Paid,,,,,,,,,,,,,,,,,,,
314423,7/30/06,Search - Paid,Desktop,,,,,,,,,,,,,,,,,,
248086,7/25/06,Search - Paid,,,,,,,,,,,,,,,,,,,
140295,7/24/06,Search - Paid,Desktop,,,,,,,,,,,,,,,,,,
598101,7/20/06,Search - Organic,Phone,,,,,,,,,,,,,,,,,,
84885,7/2/06,Other,Phone,,,,,,,,,,,,,,,,,,
492872,6/23/06,Search - Paid,,,,,,,,,,,,,,,,,,,
256675,6/22/06,,,,,,,,,,,,,,,,,,,,
587529,6/20/06,Comparison Shopping,,,,,,,,,,,,,,,,,,,
1196637,6/19/06,Search - Organic,,,,,,,,,,,,,,,,,,,
102247,6/18/06,Search - Organic,Desktop,,,,,,,,,,,,,,,,,,
580433,6/12/06,Search - Paid,,,,,,,,,,,,,,,,,,,
406625,6/11/06,Search - Organic,Desktop,,,,,,,,,,,,,,,,,,
606724,6/10/06,Search - Organic,Phone,,,,,,,,,,,,,,,,,,
473455,6/3/06,,,,,,,,,,,,,,,,,,,,
1079856,5/21/06,Search - Organic,Desktop,,,,,,,,,,,,,,,,,,
179488,5/19/06,Search - Paid,Desktop,,,,,,,,,,,,,,,,,,
737449,5/14/06,Search - Paid,Desktop,,,,,,,,,,,,,,,,,,
226883,5/14/06,,,,,,,,,,,,,,,,,,,,
45503,5/12/06,Search - Paid,,,,,,,,,,,,,,,,,,,
23326,5/4/06,Search - Paid,,,,,,,,,,,,,,,,,,,
822626,5/1/06,Comparison Shopping,Desktop,,,,,,,,,,,,,,,,,,
59162,4/19/06,Search - Organic,,,,,,,,,,,,,,,,,,,
280502,4/17/06,Search - Paid,Desktop,,,,,,,,,,,,,,,,,,
537821,4/15/06,Search - Paid,Phone,,,,,,,,,,,,,,,,,,
411111,4/12/06,,Desktop,,,,,,,,,,,,,,,,,,
46114,4/12/06,Search - Paid,,,,,,,,,,,,,,,,,,,
170865,4/6/06,Search - Paid,Desktop,,,,,,,,,,,,,,,,,,
71174,3/30/06,Search - Organic,Phone,,,,,,,,,,,,,,,,,,
77302,3/29/06,,Phone,,,,,,,,,,,,,,,,,,
97196,3/23/06,Other,Desktop,,,,,,,,,,,,,,,,,,
581693,3/21/06,Search - Paid,,,,,,,,,,,,,,,,,,,
208650,3/21/06,Search - Organic,Desktop,,,,,,,,,,,,,,,,,,
364018,3/18/06,,,,,,,,,,,,,,,,,,,,
176136,3/11/06,,Desktop,,,,,,,,,,,,,,,,,,
840824,3/10/06,Search - Paid,,,,,,,,,,,,,,,,,,,
1205310,3/7/06,Search - Paid,,,,,,,,,,,,,,,,,,,
41696,3/7/06,Search - Paid,,,,,,,,,,,,,,,,,,,
120663,3/6/06,Display - Acquisition,,,,,,,,,,,,,,,,,,,
1030226,3/2/06,Search - Organic,,,,,,,,,,,,,,,,,,,
871150,3/2/06,Search - Paid,,,,,,,,,,,,,,,,,,,
102705,3/2/06,,,,,,,,,,,,,,,,,,,,
34293,2/19/06,Search - Paid,Desktop,,,,,,,,,,,,,,,,,,
641015,2/16/06,Search - Organic,Phone,,,,,,,,,,,,,,,,,,
1053626,2/14/06,,,,,,,,,,,,,,,,,,,,
792385,2/14/06,Search - Paid,Desktop,,,,,,,,,,,,,,,,,,
604785,2/4/06,Search - Paid,Phone,,,,,,,,,,,,,,,,,,
250475,2/4/06,Search - Organic,,,,,,,,,,,,,,,,,,,
58439,2/2/06,,Desktop,,,,,,,,,,,,,,,,,,
39472,1/28/06,Search - Paid,Desktop,,,,,,,,,,,,,,,,,,
166636,1/21/06,Search - Paid,Desktop,,,,,,,,,,,,,,,,,,
134248,1/13/06,,,,,,,,,,,,,,,,,,,,
526570,1/6/06,Search - Organic,Phone,,,,,,,,,,,,,,,,,,
589080,1/2/06,Search - Organic,,,,,,,,,,,,,,,,,,,
19804,1/2/06,Search - Paid,,,,,,,,,,,,,,,,,,,
677197,12/22/05,,,,,,,,,,,,,,,,,,,,
542065,12/8/05,Search - Paid,,,,,,,,,,,,,,,,,,,
1178277,12/4/05,,,,,,,,,,,,,,,,,,,,
1194938,11/25/05,Search - Organic,,,,,,,,,,,,,,,,,,,
1066447,11/21/05,Other,,,,,,,,,,,,,,,,,,,
655054,11/16/05,Search - Paid,Phone,,,,,,,,,,,,,,,,,,
219860,11/14/05,Search - Paid,,,,,,,,,,,,,,,,,,,
60695,11/12/05,Social - Paid,Desktop,,,,,,,,,,,,,,,,,,
395792,11/10/05,Search - Paid,Desktop,,,,,,,,,,,,,,,,,,
91358,11/6/05,Search - Paid,Phone,,,,,,,,,,,,,,,,,,
385984,11/3/05,,,,,,,,,,,,,,,,,,,,
285670,11/2/05,Search - Organic,Desktop,,,,,,,,,,,,,,,,,,
260789,10/31/05,,,,,,,,,,,,,,,,,,,,
194749,10/29/05,,Desktop,,,,,,,,,,,,,,,,,,
417784,10/25/05,,Desktop,,,,,,,,,,,,,,,,,,
323018,10/24/05,,Desktop,,,,,,,,,,,,,,,,,,
75973,10/16/05,Search - Paid,Phone,,,,,,,,,,,,,,,,,,
244803,10/12/05,Search - Organic,,,,,,,,,,,,,,,,,,,
161534,10/5/05,,Desktop,,,,,,,,,,,,,,,,,,
165497,9/29/05,Search - Organic,,,,,,,,,,,,,,,,,,,
15596,9/29/05,Search - Paid,,,,,,,,,,,,,,,,,,,
89364,9/25/05,Search - Paid,Phone,,,,,,,,,,,,,,,,,,
185319,9/24/05,,Desktop,,,,,,,,,,,,,,,,,,
414461,9/16/05,Comparison Shopping,Desktop,,,,,,,,,,,,,,,,,,
776591,9/13/05,Search - Organic,Desktop,,,,,,,,,,,,,,,,,,
1104891,9/10/05,Other,,,,,,,,,,,,,,,,,,,
795656,9/9/05,Search - Paid,Desktop,,,,,,,,,,,,,,,,,,
535377,9/8/05,Search - Paid,,,,,,,,,,,,,,,,,,,
176759,9/7/05,,Desktop,,,,,,,,,,,,,,,,,,
379630,9/6/05,,,,,,,,,,,,,,,,,,,,
900790,9/2/05,Search - Organic,,,,,,,,,,,,,,,,,,,
351833,8/30/05,,Desktop,,,,,,,,,,,,,,,,,,
604633,8/29/05,,Phone,,,,,,,,,,,,,,,,,,
241638,8/28/05,Search - Organic,,,,,,,,,,,,,,,,,,,
296444,8/26/05,Search - Organic,Desktop,,,,,,,,,,,,,,,,,,
166761,8/23/05,Search - Paid,Desktop,,,,,,,,,,,,,,,,,,
692189,8/13/05,Comparison Shopping,,,,,,,,,,,,,,,,,,,
927012,8/6/05,,,,,,,,,,,,,,,,,,,,
31313,8/4/05,Search - Paid,Desktop,,,,,,,,,,,,,,,,,,
164619,8/3/05,Search - Paid,Desktop,,,,,,,,,,,,,,,,,,
263872,7/30/05,,Desktop,,,,,,,,,,,,,,,,,,
1117060,7/25/05,Search - Paid,,,,,,,,,,,,,,,,,,,
59105,7/21/05,,Desktop,,,,,,,,,,,,,,,,,,
457944,7/19/05,,,,,,,,,,,,,,,,,,,,
1045786,7/17/05,Search - Paid,,,,,,,,,,,,,,,,,,,
265569,7/17/05,,Desktop,,,,,,,,,,,,,,,,,,
1068232,7/13/05,,,,,,,,,,,,,,,,,,,,
1148700,6/30/05,Other,,,,,,,,,,,,,,,,,,,
1023512,6/29/05,Search - Organic,,,,,,,,,,,,,,,,,,,
230107,6/24/05,,,,,,,,,,,,,,,,,,,,
27883,6/16/05,Search - Paid,,,,,,,,,,,,,,,,,,,
120772,6/11/05,Other,,,,,,,,,,,,,,,,,,,
5681,6/6/05,Search - Paid,,,,,,,,,,,,,,,,,,,
49819,6/3/05,Search - Paid,Desktop,,,,,,,,,,,,,,,,,,
825380,6/2/05,Search - Paid,Desktop,,,,,,,,,,,,,,,,,,
403871,5/30/05,Search - Paid,Desktop,,,,,,,,,,,,,,,,,,
19566,5/30/05,Other,,,,,,,,,,,,,,,,,,,
54920,5/28/05,Other,,,,,,,,,,,,,,,,,,,
338260,5/27/05,,Desktop,,,,,,,,,,,,,,,,,,
271457,5/17/05,,Desktop,,,,,,,,,,,,,,,,,,
424712,5/11/05,Search - Organic,,,,,,,,,,,,,,,,,,,
938184,5/6/05,Comparison Shopping,,,,,,,,,,,,,,,,,,,
368039,5/1/05,,,,,,,,,,,,,,,,,,,,
1024100,4/30/05,Search - Paid,,,,,,,,,,,,,,,,,,,
826761,4/30/05,,Desktop,,,,,,,,,,,,,,,,,,
371067,4/25/05,,,,,,,,,,,,,,,,,,,,
433344,4/14/05,,,,,,,,,,,,,,,,,,,,
315358,4/14/05,,Desktop,,,,,,,,,,,,,,,,,,
913279,4/5/05,,,,,,,,,,,,,,,,,,,,
592496,4/5/05,Search - Paid,Phone,,,,,,,,,,,,,,,,,,
40247,4/4/05,Search - Paid,Desktop,,,,,,,,,,,,,,,,,,
1037778,3/31/05,Search - Paid,,,,,,,,,,,,,,,,,,,
317220,3/26/05,,Desktop,,,,,,,,,,,,,,,,,,
494190,3/24/05,,,,,,,,,,,,,,,,,,,,
65677,3/22/05,Search - Paid,,,,,,,,,,,,,,,,,,,
587029,3/20/05,,,,,,,,,,,,,,,,,,,,
244849,3/18/05,Other,,,,,,,,,,,,,,,,,,,
274667,3/6/05,,Desktop,,,,,,,,,,,,,,,,,,
475041,3/5/05,Search - Paid,,,,,,,,,,,,,,,,,,,
309691,2/24/05,Search - Organic,Desktop,,,,,,,,,,,,,,,,,,
783880,2/19/05,Search - Organic,Desktop,,,,,,,,,,,,,,,,,,
977923,2/16/05,Search - Paid,,,,,,,,,,,,,,,,,,,
591284,2/16/05,Search - Paid,Phone,,,,,,,,,,,,,,,,,,
75364,2/15/05,Search - Paid,Phone,,,,,,,,,,,,,,,,,,
139048,2/12/05,Search - Organic,Desktop,,,,,,,,,,,,,,,,,,
525242,2/11/05,Search - Paid,Phone,,,,,,,,,,,,,,,,,,
595168,2/7/05,Search - Organic,Phone,,,,,,,,,,,,,,,,,,
221307,2/2/05,Comparison Shopping,,,,,,,,,,,,,,,,,,,
691670,1/31/05,Search - Organic,,,,,,,,,,,,,,,,,,,
479658,1/31/05,Search - Paid,,,,,,,,,,,,,,,,,,,
135598,1/28/05,Search - Organic,Desktop,,,,,,,,,,,,,,,,,,
551119,1/26/05,,,,,,,,,,,,,,,,,,,,
658570,1/23/05,,Phone,,,,,,,,,,,,,,,,,,
145418,1/22/05,Search - Paid,Desktop,,,,,,,,,,,,,,,,,,
692579,1/19/05,Comparison Shopping,,,,,,,,,,,,,,,,,,,
90122,1/19/05,Search - Organic,Phone,,,,,,,,,,,,,,,,,,
204316,1/13/05,Search - Organic,Desktop,,,,,,,,,,,,,,,,,,
44210,1/10/05,Search - Paid,,,,,,,,,,,,,,,,,,,
797747,1/3/05,Search - Organic,Desktop,,,,,,,,,,,,,,,,,,
316663,1/3/05,Search - Paid,,,,,,,,,,,,,,,,,,,
421280,1/1/05,,,,,,,,,,,,,,,,,,,,
1068994,12/22/04,Comparison Shopping,,,,,,,,,,,,,,,,,,,
88795,12/19/04,Other,Phone,,,,,,,,,,,,,,,,,,
728461,12/17/04,Social - Paid,Desktop,,,,,,,,,,,,,,,,,,
208268,12/13/04,Search - Paid,Desktop,,,,,,,,,,,,,,,,,,
41547,12/12/04,Other,,,,,,,,,,,,,,,,,,,
36256,12/11/04,,,,,,,,,,,,,,,,,,,,
450143,12/8/04,Social - Paid,Phone,,,,,,,,,,,,,,,,,,
810388,12/7/04,Search - Paid,Desktop,,,,,,,,,,,,,,,,,,
1104834,12/2/04,Search - Organic,,,,,,,,,,,,,,,,,,,
65677,11/16/04,,,,,,,,,,,,,,,,,,,,
1054946,11/13/04,Search - Organic,,,,,,,,,,,,,,,,,,,
1002757,11/10/04,Search - Paid,,,,,,,,,,,,,,,,,,,
456164,11/5/04,Search - Organic,,,,,,,,,,,,,,,,,,,
847825,11/4/04,,,,,,,,,,,,,,,,,,,,
827450,11/1/04,,Desktop,,,,,,,,,,,,,,,,,,
32821,11/1/04,Search - Paid,,,,,,,,,,,,,,,,,,,
1197356,10/22/04,Display - Acquisition,Desktop,,,,,,,,,,,,,,,,,,
949251,10/20/04,Search - Paid,,,,,,,,,,,,,,,,,,,
422339,10/20/04,Search - Paid,,,,,,,,,,,,,,,,,,,
1073886,10/19/04,,,,,,,,,,,,,,,,,,,,
1151221,10/17/04,Comparison Shopping,,,,,,,,,,,,,,,,,,,
1172555,10/16/04,,,,,,,,,,,,,,,,,,,,
281445,10/5/04,Search - Organic,Desktop,,,,,,,,,,,,,,,,,,
454170,10/1/04,Search - Paid,Desktop,,,,,,,,,,,,,,,,,,
355320,9/30/04,Other,Desktop,,,,,,,,,,,,,,,,,,
749784,9/28/04,Comparison Shopping,Desktop,,,,,,,,,,,,,,,,,,
951843,9/27/04,,,,,,,,,,,,,,,,,,,,
133886,9/27/04,Display - Acquisition,,,,,,,,,,,,,,,,,,,
185041,9/24/04,Social - Paid,Phone,,,,,,,,,,,,,,,,,,
547931,9/22/04,Search - Paid,,,,,,,,,,,,,,,,,,,
398335,9/22/04,Social - Paid,Desktop,,,,,,,,,,,,,,,,,,
212050,9/22/04,Search - Organic,Desktop,,,,,,,,,,,,,,,,,,
70469,9/21/04,,Phone,,,,,,,,,,,,,,,,,,
165136,9/12/04,,Desktop,,,,,,,,,,,,,,,,,,
87683,8/29/04,Search - Organic,Phone,,,,,,,,,,,,,,,,,,
371541,8/28/04,Search - Paid,,,,,,,,,,,,,,,,,,,
203757,8/27/04,Search - Organic,Desktop,,,,,,,,,,,,,,,,,,
912888,8/26/04,Search - Paid,,,,,,,,,,,,,,,,,,,
782143,8/26/04,,Desktop,,,,,,,,,,,,,,,,,,
179045,8/24/04,Search - Organic,Desktop,,,,,,,,,,,,,,,,,,
604899,8/23/04,,Phone,,,,,,,,,,,,,,,,,,
492430,8/23/04,,,,,,,,,,,,,,,,,,,,
5995,8/17/04,Search - Paid,Desktop,,,,,,,,,,,,,,,,,,
598977,8/15/04,Search - Paid,Phone,,,,,,,,,,,,,,,,,,
337835,8/15/04,Search - Paid,Desktop,,,,,,,,,,,,,,,,,,
9454,8/15/04,,,,,,,,,,,,,,,,,,,,
182419,8/8/04,Search - Paid,Desktop,,,,,,,,,,,,,,,,,,
521419,8/3/04,Search - Organic,,,,,,,,,,,,,,,,,,,
45093,7/25/04,Search - Organic,,,,,,,,,,,,,,,,,,,
761552,7/21/04,Comparison Shopping,Desktop,,,,,,,,,,,,,,,,,,
521799,6/24/04,Comparison Shopping,,,,,,,,,,,,,,,,,,,
180456,6/24/04,Search - Paid,Desktop,,,,,,,,,,,,,,,,,,
176331,6/17/04,,Desktop,,,,,,,,,,,,,,,,,,
1026454,6/16/04,,,,,,,,,,,,,,,,,,,,
457498,6/13/04,Search - Paid,,,,,,,,,,,,,,,,,,,
393384,6/13/04,Search - Paid,Desktop,,,,,,,,,,,,,,,,,,
179280,6/12/04,Search - Paid,Desktop,,,,,,,,,,,,,,,,,,
890697,6/10/04,Search - Paid,,,,,,,,,,,,,,,,,,,
263755,6/8/04,Search - Paid,Desktop,,,,,,,,,,,,,,,,,,
938364,5/31/04,Search - Organic,,,,,,,,,,,,,,,,,,,
1128340,5/27/04,,,,,,,,,,,,,,,,,,,,
907893,5/25/04,Search - Paid,,,,,,,,,,,,,,,,,,,
698684,5/25/04,Search - Paid,,,,,,,,,,,,,,,,,,,
1062497,5/24/04,Search - Paid,,,,,,,,,,,,,,,,,,,
27308,5/23/04,Search - Paid,,,,,,,,,,,,,,,,,,,
593680,5/22/04,Search - Organic,Phone,,,,,,,,,,,,,,,,,,
230535,5/22/04,Search - Paid,,,,,,,,,,,,,,,,,,,
336522,5/17/04,,Desktop,,,,,,,,,,,,,,,,,,
294988,5/3/04,,Desktop,,,,,,,,,,,,,,,,,,
276810,5/2/04,Search - Paid,Desktop,,,,,,,,,,,,,,,,,,
1004141,4/24/04,Search - Paid,,,,,,,,,,,,,,,,,,,
178837,4/24/04,Search - Paid,,,,,,,,,,,,,,,,,,,
500897,4/21/04,Search - Paid,,,,,,,,,,,,,,,,,,,
703085,4/12/04,,,,,,,,,,,,,,,,,,,,
933261,4/9/04,Search - Paid,,,,,,,,,,,,,,,,,,,
133745,4/4/04,,Desktop,,,,,,,,,,,,,,,,,,
267324,4/2/04,Search - Paid,Desktop,,,,,,,,,,,,,,,,,,
117297,3/30/04,Search - Paid,,,,,,,,,,,,,,,,,,,
585142,3/24/04,Search - Paid,,,,,,,,,,,,,,,,,,,
34743,3/23/04,Search - Paid,Desktop,,,,,,,,,,,,,,,,,,
64926,3/19/04,Search - Organic,,,,,,,,,,,,,,,,,,,
1056190,3/18/04,,,,,,,,,,,,,,,,,,,,
386292,3/16/04,Search - Paid,,,,,,,,,,,,,,,,,,,
191721,3/14/04,Search - Organic,,,,,,,,,,,,,,,,,,,
221456,3/11/04,Search - Organic,,,,,,,,,,,,,,,,,,,
382362,3/10/04,Search - Organic,,,,,,,,,,,,,,,,,,,
904651,3/8/04,Search - Paid,,,,,,,,,,,,,,,,,,,
1200854,3/2/04,Search - Paid,,,,,,,,,,,,,,,,,,,
575012,2/27/04,Search - Paid,,,,,,,,,,,,,,,,,,,
299238,2/20/04,Search - Paid,Desktop,,,,,,,,,,,,,,,,,,
256198,2/16/04,Search - Paid,,,,,,,,,,,,,,,,,,,
587945,2/4/04,,,,,,,,,,,,,,,,,,,,
239647,2/4/04,Search - Organic,Desktop,,,,,,,,,,,,,,,,,,
25021,2/3/04,Display - Acquisition,Desktop,,,,,,,,,,,,,,,,,,
60267,2/2/04,Search - Paid,Desktop,,,,,,,,,,,,,,,,,,
735915,2/1/04,Search - Paid,Desktop,,,,,,,,,,,,,,,,,,
222628,1/29/04,Search - Paid,,,,,,,,,,,,,,,,,,,
178535,1/28/04,Search - Paid,,,,,,,,,,,,,,,,,,,
896080,1/22/04,,,,,,,,,,,,,,,,,,,,
39844,1/6/04,Comparison Shopping,Desktop,,,,,,,,,,,,,,,,,,
499928,1/2/04,,,,,,,,,,,,,,,,,,,,
609269,12/31/03,,Phone,,,,,,,,,,,,,,,,,,
858043,12/28/03,Search - Paid,,,,,,,,,,,,,,,,,,,
146761,12/16/03,,Desktop,,,,,,,,,,,,,,,,,,
529113,12/15/03,Search - Organic,Phone,,,,,,,,,,,,,,,,,,
182666,12/14/03,Search - Paid,Desktop,,,,,,,,,,,,,,,,,,
484838,12/13/03,Display - Acquisition,,,,,,,,,,,,,,,,,,,
449967,12/11/03,,,,,,,,,,,,,,,,,,,,
201882,12/10/03,Search - Paid,Desktop,,,,,,,,,,,,,,,,,,
444149,12/5/03,Search - Paid,,,,,,,,,,,,,,,,,,,
1150903,12/2/03,Search - Paid,,,,,,,,,,,,,,,,,,,
45484,11/23/03,Search - Organic,Desktop,,,,,,,,,,,,,,,,,,
515210,11/22/03,Other,,,,,,,,,,,,,,,,,,,
91740,11/12/03,Search - Paid,Phone,,,,,,,,,,,,,,,,,,
487365,11/6/03,Search - Paid,,,,,,,,,,,,,,,,,,,
425417,10/27/03,,,,,,,,,,,,,,,,,,,,
162006,10/26/03,,Desktop,,,,,,,,,,,,,,,,,,
4246,10/24/03,Search - Paid,,,,,,,,,,,,,,,,,,,
389081,10/22/03,Search - Paid,Desktop,,,,,,,,,,,,,,,,,,
265980,10/19/03,Search - Paid,,,,,,,,,,,,,,,,,,,
182146,10/12/03,,Desktop,,,,,,,,,,,,,,,,,,
1146314,10/8/03,Search - Organic,,,,,,,,,,,,,,,,,,,
386405,10/5/03,Search - Paid,,,,,,,,,,,,,,,,,,,
949663,10/2/03,Search - Paid,,,,,,,,,,,,,,,,,,,
684255,10/2/03,,,,,,,,,,,,,,,,,,,,
978165,9/21/03,Search - Paid,,,,,,,,,,,,,,,,,,,
325069,9/21/03,Search - Organic,Desktop,,,,,,,,,,,,,,,,,,
27366,9/10/03,Search - Paid,,,,,,,,,,,,,,,,,,,
143400,9/5/03,Search - Paid,Desktop,,,,,,,,,,,,,,,,,,
791687,8/19/03,Search - Paid,Desktop,,,,,,,,,,,,,,,,,,
116654,8/18/03,,,,,,,,,,,,,,,,,,,,
12957,8/8/03,,Desktop,,,,,,,,,,,,,,,,,,
934256,8/4/03,Search - Paid,,,,,,,,,,,,,,,,,,,
576527,7/19/03,,,,,,,,,,,,,,,,,,,,
967079,7/16/03,Search - Organic,,,,,,,,,,,,,,,,,,,
354767,7/6/03,Display - Acquisition,Desktop,,,,,,,,,,,,,,,,,,
966009,7/5/03,Search - Paid,,,,,,,,,,,,,,,,,,,
706870,7/5/03,Display - Acquisition,,,,,,,,,,,,,,,,,,,
68871,7/1/03,,,,,,,,,,,,,,,,,,,,
301396,6/28/03,Other,Desktop,,,,,,,,,,,,,,,,,,
126738,6/28/03,Search - Paid,,,,,,,,,,,,,,,,,,,
796854,6/20/03,Display - Acquisition,Desktop,,,,,,,,,,,,,,,,,,
425459,6/11/03,Search - Paid,,,,,,,,,,,,,,,,,,,
924857,6/10/03,Search - Paid,,,,,,,,,,,,,,,,,,,
579245,6/8/03,Search - Paid,,,,,,,,,,,,,,,,,,,
1011904,6/5/03,,,,,,,,,,,,,,,,,,,,
172612,6/5/03,Search - Paid,Desktop,,,,,,,,,,,,,,,,,,
225366,5/28/03,Other,,,,,,,,,,,,,,,,,,,
491213,5/27/03,Search - Organic,,,,,,,,,,,,,,,,,,,
1147672,5/22/03,Search - Paid,,,,,,,,,,,,,,,,,,,
1059869,5/21/03,Display - Acquisition,,,,,,,,,,,,,,,,,,,
353967,5/21/03,,Desktop,,,,,,,,,,,,,,,,,,
382232,5/19/03,,,,,,,,,,,,,,,,,,,,
390339,5/10/03,,Desktop,,,,,,,,,,,,,,,,,,
64566,5/7/03,Other,,,,,,,,,,,,,,,,,,,
69984,5/5/03,Other,Phone,,,,,,,,,,,,,,,,,,
684206,4/30/03,Comparison Shopping,,,,,,,,,,,,,,,,,,,
715811,4/26/03,,,,,,,,,,,,,,,,,,,,
418495,4/26/03,,,,,,,,,,,,,,,,,,,,
1143647,4/25/03,Search - Paid,,,,,,,,,,,,,,,,,,,
824744,4/25/03,Search - Paid,Desktop,,,,,,,,,,,,,,,,,,
388457,4/22/03,Search - Organic,,,,,,,,,,,,,,,,,,,
55362,4/21/03,,,,,,,,,,,,,,,,,,,,
1051274,4/19/03,,,,,,,,,,,,,,,,,,,,
473268,4/18/03,,,,,,,,,,,,,,,,,,,,
1028267,4/14/03,Search - Paid,,,,,,,,,,,,,,,,,,,
807113,4/11/03,Search - Paid,Desktop,,,,,,,,,,,,,,,,,,
226491,4/11/03,,,,,,,,,,,,,,,,,,,,
223147,4/10/03,,,,,,,,,,,,,,,,,,,,
926640,4/7/03,,,,,,,,,,,,,,,,,,,,
750595,4/4/03,,Desktop,,,,,,,,,,,,,,,,,,
800455,3/31/03,,Desktop,,,,,,,,,,,,,,,,,,
772077,3/29/03,Search - Paid,Desktop,,,,,,,,,,,,,,,,,,
223072,3/28/03,,,,,,,,,,,,,,,,,,,,
193789,3/24/03,Search - Paid,Desktop,,,,,,,,,,,,,,,,,,
165047,3/23/03,Other,Desktop,,,,,,,,,,,,,,,,,,
199930,3/22/03,,Desktop,,,,,,,,,,,,,,,,,,
1024358,3/19/03,Search - Organic,Desktop,,,,,,,,,,,,,,,,,,
361996,3/19/03,Comparison Shopping,,,,,,,,,,,,,,,,,,,
396647,3/14/03,Search - Paid,,,,,,,,,,,,,,,,,,,
297592,3/8/03,,Desktop,,,,,,,,,,,,,,,,,,
168332,3/7/03,,Desktop,,,,,,,,,,,,,,,,,,
1109876,2/25/03,Search - Paid,,,,,,,,,,,,,,,,,,,
926308,2/23/03,,,,,,,,,,,,,,,,,,,,
930399,2/13/03,Search - Organic,,,,,,,,,,,,,,,,,,,
62415,2/10/03,Search - Organic,Desktop,,,,,,,,,,,,,,,,,,
433773,2/7/03,Search - Paid,,,,,,,,,,,,,,,,,,,
7871,2/7/03,Search - Paid,,,,,,,,,,,,,,,,,,,
336961,2/5/03,Search - Paid,Desktop,,,,,,,,,,,,,,,,,,
1074220,2/1/03,,,,,,,,,,,,,,,,,,,,
159140,1/31/03,Search - Organic,Desktop,,,,,,,,,,,,,,,,,,
946709,1/25/03,,,,,,,,,,,,,,,,,,,,
929585,1/22/03,,,,,,,,,,,,,,,,,,,,
1019656,1/17/03,,,,,,,,,,,,,,,,,,,,
117890,1/17/03,Search - Paid,,,,,,,,,,,,,,,,,,,
473735,1/16/03,,,,,,,,,,,,,,,,,,,,
154171,1/16/03,,Desktop,,,,,,,,,,,,,,,,,,
1155749,1/15/03,Search - Paid,,,,,,,,,,,,,,,,,,,
9279,1/15/03,Search - Paid,,,,,,,,,,,,,,,,,,,
793739,1/12/03,Search - Paid,Desktop,,,,,,,,,,,,,,,,,,
1162760,1/10/03,,,,,,,,,,,,,,,,,,,,
1033045,1/10/03,,,,,,,,,,,,,,,,,,,,
173443,1/10/03,,Desktop,,,,,,,,,,,,,,,,,,
1196916,1/4/03,Comparison Shopping,,,,,,,,,,,,,,,,,,,
259570,1/3/03,,,,,,,,,,,,,,,,,,,,
140040,1/3/03,Social - Paid,Phone,,,,,,,,,,,,,,,,,,
78051,1/3/03,Search - Paid,Phone,,,,,,,,,,,,,,,,,,
30561,1/2/03,Search - Organic,Desktop,,,,,,,,,,,,,,,,,,
1070796,12/27/02,Comparison Shopping,,,,,,,,,,,,,,,,,,,
60027,12/27/02,,Desktop,,,,,,,,,,,,,,,,,,
552194,12/23/02,,Phone,,,,,,,,,,,,,,,,,,
184937,12/10/02,,Desktop,,,,,,,,,,,,,,,,,,
957215,12/8/02,Search - Paid,,,,,,,,,,,,,,,,,,,
1088509,12/4/02,Comparison Shopping,,,,,,,,,,,,,,,,,,,
104813,12/4/02,,,,,,,,,,,,,,,,,,,,
223205,11/27/02,Search - Paid,,,,,,,,,,,,,,,,,,,
51809,11/26/02,Search - Paid,Desktop,,,,,,,,,,,,,,,,,,
19993,11/24/02,Other,Desktop,,,,,,,,,,,,,,,,,,
238143,11/23/02,Display - Acquisition,,,,,,,,,,,,,,,,,,,
14407,11/21/02,Search - Paid,,,,,,,,,,,,,,,,,,,
659581,11/20/02,,Phone,,,,,,,,,,,,,,,,,,
211366,11/9/02,Search - Paid,Desktop,,,,,,,,,,,,,,,,,,
832837,10/31/02,,,,,,,,,,,,,,,,,,,,
1051252,10/30/02,Other,,,,,,,,,,,,,,,,,,,
872852,10/28/02,Search - Paid,,,,,,,,,,,,,,,,,,,
1033048,10/26/02,Search - Paid,,,,,,,,,,,,,,,,,,,
946556,10/25/02,Search - Paid,,,,,,,,,,,,,,,,,,,
601807,10/25/02,Search - Organic,Phone,,,,,,,,,,,,,,,,,,
134680,10/20/02,,Desktop,,,,,,,,,,,,,,,,,,
189324,10/13/02,,Desktop,,,,,,,,,,,,,,,,,,
1022556,10/12/02,Search - Paid,,,,,,,,,,,,,,,,,,,
1065949,10/9/02,,,,,,,,,,,,,,,,,,,,
942012,10/1/02,,,,,,,,,,,,,,,,,,,,
360896,10/1/02,,,,,,,,,,,,,,,,,,,,
400139,9/24/02,Search - Organic,Desktop,,,,,,,,,,,,,,,,,,
1071702,9/19/02,Search - Paid,,,,,,,,,,,,,,,,,,,
611939,9/16/02,Comparison Shopping,Phone,,,,,,,,,,,,,,,,,,
350553,9/14/02,Search - Organic,Desktop,,,,,,,,,,,,,,,,,,
20331,9/9/02,Search - Paid,Desktop,,,,,,,,,,,,,,,,,,
8683,9/9/02,,Desktop,,,,,,,,,,,,,,,,,,
465765,9/8/02,,,,,,,,,,,,,,,,,,,,
382923,9/4/02,Display - Acquisition,,,,,,,,,,,,,,,,,,,
47762,9/4/02,Display - Acquisition,,,,,,,,,,,,,,,,,,,